track	t_best	t0	t1	bbox	score	lat	lon	alt
0	125.0	125.0	125.0	1879,854,41,163	6021.4			
1	99.0	99.0	102.0	1628,425,73,182	5436.5			
2	104.0	103.0	104.0	1689,431,36,149	4751.1			
3	107.0	107.0	107.0	1515,524,36,169	4112.8			
4	106.0	106.0	106.0	1703,429,58,128	3563.4			
5	101.0	101.0	101.0	1738,621,39,106	3448.4			
6	106.0	106.0	106.0	1737,647,82,84	3143.1			
7	103.0	102.0	103.0	1649,464,34,131	3108.1			
8	107.0	106.0	107.0	1729,435,84,66	3106.9			
9	99.0	99.0	100.0	1761,453,92,168	2990.2			
10	100.0	99.0	100.0	1843,65,28,74	2956.4			
11	72.0	72.0	73.0	0,1056,57,24	2942.6			
12	77.0	77.0	77.0	221,23,23,74	2942.0			
13	102.0	100.0	102.0	1680,541,29,116	2896.7			
14	30.0	30.0	31.0	913,0,54,31	2834.8			
15	100.0	97.0	100.0	1863,0,24,51	2609.0			
16	75.0	71.0	77.0	981,197,31,41	2508.9			
17	49.0	48.0	49.0	980,1027,127,28	2359.1			
18	107.0	107.0	107.0	1845,615,66,88	2315.3			
19	73.0	73.0	73.0	0,1031,65,32	2290.1			
20	72.0	70.0	78.0	859,89,64,19	2268.7			
21	75.0	74.0	75.0	37,1049,82,31	2265.9			
22	75.0	74.0	75.0	951,15,38,28	2253.3			
23	104.0	104.0	104.0	1865,329,34,112	1964.2			
24	108.0	107.0	108.0	1760,737,73,62	1862.8			
25	73.0	70.0	73.0	761,331,40,32	1796.0			
26	48.0	48.0	48.0	1017,773,36,150	1740.3			
27	100.0	99.0	102.0	1613,395,20,86	1692.1			
28	100.0	100.0	102.0	1603,343,24,48	1685.1			
29	34.0	34.0	34.0	0,1051,60,29	1684.4			
30	58.0	57.0	59.0	107,0,50,113	1645.9			
31	72.0	71.0	77.0	869,310,32,19	1624.4			
32	100.0	98.0	100.0	1809,235,18,42	1614.9			
33	105.0	104.0	105.0	1865,479,28,66	1530.9			
34	107.0	107.0	107.0	1807,517,12,76	1478.8			
35	65.0	65.0	65.0	0,0,27,42	1373.4			
36	103.0	103.0	103.0	1779,513,30,72	1335.5			
37	108.0	108.0	108.0	1571,713,26,72	1317.5			
38	74.0	74.0	74.0	1043,56,41,25	1308.8			
39	100.0	98.0	102.0	1523,521,66,57	1305.5			
40	76.0	76.0	76.0	945,287,32,44	1289.8			
41	71.0	71.0	71.0	779,69,26,24	1289.4			
42	75.0	75.0	75.0	904,237,24,28	1284.9			
43	63.0	63.0	63.0	1105,1029,42,27	1281.6			
44	103.0	103.0	103.0	1897,73,20,42	1190.7			
45	106.0	105.0	106.0	1643,628,74,64	1182.2			
46	108.0	108.0	108.0	1777,855,48,34	1108.2			
47	74.0	71.0	75.0	967,115,26,20	1069.2			
48	108.0	108.0	108.0	1857,589,16,50	1060.6			
49	70.0	70.0	70.0	1129,99,23,23	1037.1			
50	92.0	92.0	92.0	236,949,26,34	1010.8			
51	30.0	30.0	30.0	717,0,38,13	1010.7			
52	132.0	132.0	133.0	89,863,32,28	1001.2			
53	103.0	103.0	103.0	1883,169,14,38	988.2			
54	64.0	64.0	64.0	155,5,22,31	983.3			
55	71.0	70.0	76.0	609,175,30,20	974.7			
56	50.0	50.0	50.0	635,859,37,55	968.4			
57	62.0	62.0	62.0	543,232,82,15	910.9			
58	66.0	65.0	67.0	691,925,25,108	885.9			
59	53.0	53.0	53.0	1898,51,22,14	880.5			
60	31.0	29.0	31.0	1411,18,35,19	819.5			
61	61.0	61.0	61.0	989,789,22,12	812.2			
62	105.0	105.0	105.0	1710,603,27,46	805.2			
63	124.0	124.0	126.0	1461,63,24,18	798.9			
64	136.0	136.0	136.0	0,1073,48,7	775.4			
65	101.0	101.0	101.0	1485,657,12,36	762.0			
66	101.0	101.0	101.0	1653,877,26,16	759.5			
67	99.0	99.0	102.0	1663,387,24,32	748.3			
68	98.0	98.0	98.0	1719,569,14,54	731.8			
69	72.0	71.0	72.0	917,0,20,29	730.7			
70	135.0	132.0	135.0	339,206,22,23	723.1			
71	97.0	97.0	97.0	1791,714,14,61	715.9			
72	87.0	86.0	87.0	393,392,29,19	706.1			
73	81.0	81.0	81.0	1140,5,25,20	699.7			
74	130.0	127.0	130.0	1677,704,19,24	699.3			
75	60.0	60.0	60.0	385,0,24,12	695.5			
76	72.0	70.0	72.0	897,33,16,16	693.1			
77	56.0	56.0	56.0	943,367,18,26	689.9			
78	80.0	80.0	80.0	1015,0,32,23	673.9			
79	104.0	104.0	104.0	1895,281,14,40	668.6			
80	73.0	71.0	74.0	1467,37,16,24	666.3			
81	49.0	49.0	53.0	719,891,34,22	663.5			
82	121.0	120.0	121.0	142,124,27,22	639.3			
83	134.0	133.0	134.0	103,651,18,16	637.1			
84	135.0	135.0	135.0	601,525,19,18	636.4			
85	57.0	53.0	59.0	967,393,12,42	631.5			
86	67.0	64.0	68.0	800,995,23,19	627.0			
87	75.0	75.0	75.0	829,161,20,12	625.8			
88	64.0	64.0	64.0	249,97,16,23	614.5			
89	102.0	101.0	102.0	1638,666,37,41	604.4			
90	99.0	99.0	99.0	1601,355,36,16	595.2			
91	71.0	71.0	71.0	793,169,32,14	589.1			
92	103.0	98.0	103.0	1637,601,28,42	564.5			
93	81.0	81.0	81.0	895,292,16,13	535.1			
94	97.0	94.0	97.0	508,115,33,16	532.7			
95	75.0	73.0	75.0	285,67,20,14	532.3			
96	91.0	91.0	91.0	71,1059,13,21	530.1			
97	75.0	74.0	75.0	0,1027,32,14	509.8			
98	70.0	70.0	70.0	863,329,46,9	509.7			
99	63.0	62.0	63.0	1089,1007,28,20	497.2			
100	105.0	105.0	105.0	1914,361,6,28	494.2			
101	106.0	106.0	106.0	1825,615,16,18	492.3			
102	48.0	48.0	48.0	1275,819,18,11	488.8			
103	133.0	133.0	133.0	0,641,13,14	482.9			
104	34.0	33.0	34.0	0,37,15,16	470.9			
105	108.0	108.0	108.0	1607,601,16,24	465.9			
106	101.0	99.0	101.0	1753,575,18,22	465.5			
107	61.0	61.0	61.0	331,367,11,30	464.5			
108	76.0	76.0	77.0	1065,17,11,40	463.9			
109	134.0	134.0	134.0	819,1070,15,10	456.2			
110	83.0	83.0	86.0	489,853,22,20	453.3			
111	73.0	72.0	76.0	916,0,17,9	452.8			
112	125.0	125.0	125.0	1903,1019,17,18	447.5			
113	74.0	74.0	75.0	859,49,12,38	440.6			
114	47.0	47.0	48.0	793,445,10,28	434.4			
115	77.0	77.0	77.0	803,331,12,20	430.0			
116	76.0	76.0	76.0	1043,136,14,21	425.8			
117	106.0	106.0	107.0	685,913,20,12	422.2			
118	60.0	60.0	63.0	985,625,14,12	413.5			
119	76.0	76.0	76.0	1081,194,20,7	409.7			
120	101.0	101.0	101.0	1887,633,12,18	409.6			
121	73.0	68.0	76.0	797,0,23,9	409.5			
122	117.0	117.0	118.0	0,747,10,21	409.4			
123	120.0	120.0	120.0	444,13,21,11	408.9			
124	78.0	78.0	78.0	545,0,32,18	408.8			
125	128.0	128.0	128.0	1902,986,18,12	407.5			
126	65.0	65.0	65.0	815,417,20,12	407.1			
127	46.0	46.0	46.0	1041,87,14,34	406.9			
128	105.0	105.0	106.0	1451,617,8,26	405.9			
129	114.0	114.0	114.0	17,555,28,10	401.2			
130	104.0	104.0	104.0	1855,449,10,26	393.9			
131	47.0	47.0	47.0	993,401,8,40	390.8			
132	105.0	105.0	105.0	1716,468,13,17	390.3			
133	82.0	82.0	82.0	1901,1051,12,29	387.1			
134	124.0	123.0	124.0	1234,451,14,16	381.9			
135	87.0	87.0	91.0	87,1047,42,8	381.6			
136	57.0	57.0	57.0	809,1062,33,18	377.6			
137	58.0	56.0	62.0	223,111,15,17	375.2			
138	27.0	27.0	27.0	253,29,24,10	374.6			
139	58.0	57.0	59.0	159,151,16,48	373.7			
140	65.0	65.0	66.0	517,111,34,11	368.1			
141	124.0	124.0	126.0	1563,65,26,15	366.6			
142	48.0	48.0	48.0	1217,681,12,51	365.1			
143	108.0	108.0	108.0	1863,649,10,16	364.8			
144	74.0	74.0	74.0	1039,77,11,20	359.0			
145	135.0	135.0	135.0	753,567,14,20	357.9			
146	78.0	78.0	78.0	465,257,14,16	352.6			
147	103.0	103.0	103.0	1749,625,12,17	348.7			
148	57.0	56.0	63.0	725,65,22,10	348.3			
149	55.0	54.0	55.0	447,65,18,12	347.7			
150	45.0	45.0	45.0	981,37,9,12	346.9			
151	25.0	23.0	27.0	217,197,20,12	346.1			
152	60.0	60.0	60.0	933,441,8,16	343.6			
153	76.0	76.0	76.0	887,267,20,7	343.4			
154	131.0	131.0	131.0	87,855,16,12	335.4			
155	53.0	51.0	53.0	1592,281,17,8	334.7			
156	69.0	68.0	69.0	1145,347,34,8	334.6			
157	125.0	124.0	125.0	1593,52,17,15	332.1			
158	66.0	66.0	67.0	827,982,11,27	331.7			
159	66.0	64.0	66.0	889,945,18,8	329.6			
160	57.0	57.0	60.0	683,0,24,7	328.4			
161	104.0	104.0	105.0	1427,593,6,16	326.6			
162	132.0	132.0	132.0	1861,974,16,9	326.4			
163	104.0	104.0	104.0	1633,647,24,16	322.6			
164	102.0	100.0	102.0	1793,641,10,18	321.0			
165	69.0	64.0	69.0	1185,569,19,10	318.7			
166	46.0	46.0	46.0	964,19,13,23	314.2			
167	58.0	58.0	59.0	1673,17,28,8	314.2			
168	102.0	102.0	102.0	1593,725,20,14	308.2			
169	58.0	57.0	59.0	147,118,12,13	307.9			
170	57.0	57.0	58.0	977,337,6,24	305.9			
171	64.0	62.0	67.0	755,44,20,9	305.4			
172	58.0	57.0	58.0	181,223,13,34	303.0			
173	106.0	106.0	106.0	1713,739,18,15	303.0			
174	127.0	126.0	127.0	1667,0,22,17	299.7			
175	75.0	75.0	75.0	1631,699,14,15	298.5			
176	125.0	124.0	126.0	1517,71,15,12	297.1			
177	93.0	93.0	93.0	321,1073,19,7	293.0			
178	98.0	98.0	98.0	1729,645,12,15	289.8			
179	10.0	9.0	10.0	290,89,22,8	287.5			
180	63.0	63.0	63.0	1056,3,23,14	287.3			
181	69.0	69.0	69.0	1039,660,30,3	287.2			
182	61.0	61.0	61.0	1005,857,19,6	286.8			
183	15.0	15.0	15.0	13,73,9,30	286.7			
184	108.0	108.0	108.0	1730,802,17,11	283.9			
185	69.0	65.0	69.0	1169,689,24,4	283.3			
186	107.0	107.0	107.0	275,1075,30,5	282.8			
187	81.0	81.0	82.0	120,486,13,15	282.6			
188	111.0	111.0	112.0	21,593,10,16	281.3			
189	100.0	100.0	100.0	1479,693,24,10	280.1			
190	70.0	65.0	70.0	1177,81,16,14	278.2			
191	115.0	113.0	118.0	881,327,24,8	276.8			
192	63.0	63.0	64.0	995,1035,8,28	276.0			
193	51.0	51.0	51.0	679,1073,26,7	275.0			
194	66.0	65.0	66.0	771,1013,6,16	274.9			
195	109.0	109.0	109.0	1891,855,16,14	271.5			
196	136.0	136.0	136.0	944,947,9,21	271.5			
197	67.0	67.0	67.0	688,58,15,13	270.0			
198	17.0	16.0	21.0	201,443,15,28	269.7			
199	58.0	57.0	59.0	1511,17,14,10	267.5			
200	94.0	93.0	95.0	905,891,5,22	267.0			
201	63.0	61.0	68.0	929,953,8,22	266.3			
202	34.0	34.0	34.0	153,39,24,20	264.6			
203	70.0	70.0	70.0	841,0,10,16	263.2			
204	78.0	76.0	78.0	537,143,12,19	262.3			
205	106.0	105.0	106.0	1893,465,12,12	261.1			
206	27.0	23.0	27.0	1693,413,14,16	259.9			
207	102.0	102.0	102.0	1681,777,14,12	258.9			
208	60.0	56.0	64.0	1039,417,10,10	257.7			
209	102.0	102.0	102.0	1601,821,24,12	255.6			
210	135.0	135.0	137.0	516,513,11,12	252.4			
211	63.0	63.0	63.0	1159,951,10,13	248.5			
212	105.0	105.0	105.0	1679,777,18,12	247.6			
213	105.0	105.0	105.0	1733,739,15,10	246.4			
214	61.0	61.0	61.0	789,839,8,18	244.5			
215	62.0	62.0	62.0	1035,819,4,20	243.8			
216	69.0	69.0	69.0	1163,443,18,10	242.4			
217	92.0	92.0	92.0	1095,429,16,16	238.4			
218	52.0	52.0	52.0	941,45,14,18	237.7			
219	131.0	131.0	131.0	1551,1069,13,6	237.6			
220	102.0	101.0	102.0	1545,849,22,8	235.8			
221	48.0	41.0	48.0	1116,380,5,25	235.0			
222	78.0	78.0	78.0	893,881,25,8	232.7			
223	0.0	0.0	1.0	1033,169,18,6	231.1			
224	60.0	60.0	60.0	709,21,16,8	230.2			
225	67.0	66.0	67.0	475,201,26,4	226.1			
226	22.0	21.0	22.0	1897,195,20,6	225.2			
227	48.0	47.0	48.0	1101,513,6,18	222.7			
228	22.0	22.0	22.0	1598,25,13,10	221.2			
229	55.0	55.0	55.0	625,73,11,13	220.6			
230	6.0	6.0	6.0	835,149,13,14	218.9			
231	25.0	25.0	27.0	747,27,16,6	218.4			
232	71.0	71.0	72.0	535,621,8,12	217.5			
233	78.0	78.0	82.0	190,215,25,9	217.3			
234	96.0	96.0	96.0	489,537,20,8	217.1			
235	107.0	107.0	107.0	1766,647,11,14	216.5			
236	103.0	103.0	103.0	251,1059,28,6	215.5			
237	69.0	69.0	69.0	957,611,5,30	214.1			
238	73.0	73.0	73.0	789,141,4,27	213.8			
239	101.0	98.0	101.0	1657,785,18,11	213.3			
240	25.0	17.0	28.0	1519,463,8,24	212.2			
241	60.0	60.0	60.0	563,0,2,29	210.5			
242	92.0	92.0	92.0	1041,489,12,14	210.2			
243	66.0	65.0	66.0	879,65,10,10	208.1			
244	76.0	76.0	80.0	1103,104,4,25	206.9			
245	64.0	64.0	64.0	941,1071,12,9	206.4			
246	56.0	56.0	56.0	175,665,5,28	205.4			
247	104.0	104.0	104.0	1425,575,8,12	202.8			
248	105.0	105.0	105.0	1627,705,22,11	202.0			
249	81.0	81.0	81.0	1170,513,10,14	199.3			
250	64.0	64.0	64.0	589,157,20,12	199.0			
251	70.0	70.0	70.0	777,225,6,24	198.2			
252	105.0	105.0	105.0	1843,585,10,14	197.8			
253	47.0	47.0	48.0	851,135,4,16	196.4			
254	0.0	0.0	0.0	703,51,10,10	195.2			
255	0.0	0.0	0.0	1233,113,16,8	192.2			
256	115.0	115.0	115.0	1027,225,12,6	191.8			
257	60.0	60.0	60.0	161,251,7,22	191.7			
258	62.0	60.0	62.0	373,133,22,24	190.7			
259	70.0	70.0	73.0	883,564,12,7	190.7			
260	107.0	107.0	107.0	381,1059,30,6	190.4			
261	96.0	96.0	96.0	711,1049,10,9	189.8			
262	32.0	27.0	32.0	1053,71,17,6	189.1			
263	69.0	69.0	69.0	999,923,10,6	188.6			
264	32.0	31.0	32.0	297,113,8,12	188.3			
265	98.0	98.0	98.0	705,165,18,4	188.1			
266	124.0	124.0	125.0	1735,0,14,5	188.1			
267	69.0	64.0	69.0	903,17,10,10	187.6			
268	101.0	101.0	101.0	1247,975,16,8	186.9			
269	81.0	80.0	81.0	1089,401,8,10	186.8			
270	0.0	0.0	0.0	1143,133,18,8	185.5			
271	112.0	112.0	112.0	121,845,9,12	185.3			
272	68.0	64.0	68.0	885,33,12,6	184.1			
273	47.0	47.0	47.0	1019,291,4,19	183.9			
274	109.0	109.0	109.0	1861,1063,12,17	183.1			
275	99.0	99.0	100.0	1745,622,16,17	182.9			
276	26.0	25.0	26.0	993,27,18,10	181.2			
277	99.0	99.0	99.0	0,985,17,6	180.2			
278	98.0	95.0	98.0	745,34,24,3	179.3			
279	104.0	104.0	104.0	249,1044,24,5	177.8			
280	127.0	126.0	127.0	1693,41,14,6	176.8			
281	19.0	15.0	21.0	143,979,8,19	176.2			
282	60.0	60.0	60.0	145,193,6,13	175.2			
283	60.0	60.0	63.0	125,125,7,22	174.3			
284	18.0	16.0	18.0	508,369,5,16	174.0			
285	84.0	84.0	85.0	516,306,10,10	173.5			
286	106.0	106.0	107.0	175,1071,26,6	173.0			
287	103.0	103.0	103.0	1915,41,5,12	171.8			
288	76.0	76.0	76.0	881,65,7,10	170.0			
289	11.0	11.0	11.0	1445,1009,12,10	169.9			
290	1.0	1.0	2.0	731,227,14,6	169.1			
291	103.0	103.0	103.0	1861,293,10,7	169.0			
292	58.0	56.0	58.0	1557,43,16,6	168.9			
293	67.0	65.0	67.0	737,169,12,12	168.2			
294	97.0	94.0	97.0	577,189,8,8	167.9			
295	50.0	50.0	50.0	1049,895,8,14	167.8			
296	113.0	111.0	118.0	507,439,10,10	167.8			
297	19.0	16.0	21.0	337,265,16,6	167.6			
298	120.0	120.0	120.0	470,613,7,10	167.6			
299	46.0	46.0	47.0	1880,967,9,10	167.4			
300	64.0	61.0	64.0	593,661,10,8	167.3			
301	103.0	103.0	104.0	1401,551,7,16	167.2			
302	59.0	55.0	59.0	1885,123,12,18	166.8			
303	103.0	103.0	103.0	215,1067,24,6	166.0			
304	96.0	96.0	96.0	389,13,10,6	165.4			
305	26.0	20.0	30.0	1366,167,15,10	164.7			
306	50.0	50.0	50.0	680,777,12,8	164.4			
307	103.0	103.0	103.0	1823,447,6,18	164.3			
308	101.0	101.0	101.0	13,0,12,11	163.8			
309	57.0	57.0	57.0	295,613,6,18	163.4			
310	63.0	61.0	63.0	533,541,12,12	163.4			
311	34.0	34.0	34.0	0,145,15,8	163.2			
312	64.0	61.0	64.0	837,419,6,10	163.0			
313	58.0	58.0	58.0	877,13,12,6	162.8			
314	22.0	22.0	22.0	1751,425,4,16	162.7			
315	100.0	100.0	100.0	195,113,13,9	162.7			
316	68.0	67.0	69.0	1520,163,11,15	161.7			
317	66.0	66.0	66.0	683,1041,8,14	161.2			
318	96.0	96.0	96.0	368,142,5,13	161.0			
319	23.0	19.0	27.0	1733,175,18,6	159.5			
320	2.0	2.0	2.0	113,73,12,6	159.4			
321	61.0	61.0	63.0	781,941,8,14	159.3			
322	61.0	61.0	62.0	342,281,7,20	158.0			
323	67.0	67.0	67.0	0,25,15,6	157.6			
324	48.0	48.0	48.0	1061,721,5,12	156.6			
325	21.0	21.0	21.0	1836,464,5,14	154.1			
326	69.0	69.0	70.0	1007,586,10,11	153.7			
327	108.0	107.0	108.0	1721,143,8,14	153.6			
328	64.0	61.0	68.0	731,221,10,6	152.9			
329	48.0	48.0	48.0	113,53,15,6	151.7			
330	95.0	95.0	95.0	285,247,14,4	151.0			
331	64.0	64.0	67.0	807,109,20,5	150.4			
332	82.0	82.0	82.0	197,407,18,6	150.2			
333	68.0	68.0	68.0	1010,131,17,4	150.1			
334	57.0	57.0	59.0	483,0,14,3	150.0			
335	48.0	48.0	48.0	1081,613,6,22	149.4			
336	47.0	47.0	47.0	981,485,4,14	149.0			
337	62.0	61.0	62.0	1037,975,4,18	147.6			
338	10.0	9.0	10.0	381,77,14,6	146.9			
339	28.0	28.0	32.0	808,1069,9,8	146.1			
340	68.0	68.0	68.0	1531,81,12,6	145.7			
341	132.0	132.0	132.0	77,897,9,11	145.7			
342	62.0	62.0	62.0	257,85,22,4	145.6			
343	3.0	1.0	3.0	369,425,8,8	145.0			
344	21.0	16.0	21.0	45,1039,4,12	143.3			
345	110.0	110.0	112.0	1285,45,11,4	142.8			
346	15.0	15.0	15.0	9,849,8,16	142.2			
347	16.0	16.0	16.0	183,1050,8,7	142.2			
348	95.0	95.0	97.0	371,205,20,6	141.4			
349	96.0	96.0	96.0	565,659,12,14	141.3			
350	3.0	3.0	3.0	1461,769,10,16	140.2			
351	85.0	85.0	85.0	315,351,12,10	140.0			
352	78.0	78.0	78.0	293,21,4,12	139.6			
353	128.0	128.0	128.0	89,833,10,10	138.9			
354	68.0	68.0	68.0	1171,585,8,16	138.6			
355	32.0	32.0	32.0	41,13,10,4	138.2			
356	56.0	56.0	58.0	1433,57,12,6	137.5			
357	56.0	56.0	56.0	903,295,12,10	137.2			
358	120.0	120.0	120.0	381,0,8,16	136.6			
359	64.0	64.0	64.0	229,39,7,17	136.2			
360	64.0	64.0	64.0	865,0,8,5	135.5			
361	73.0	70.0	77.0	919,375,9,7	134.9			
362	62.0	62.0	62.0	1043,897,2,20	134.8			
363	96.0	95.0	96.0	154,11,13,4	134.5			
364	67.0	67.0	67.0	937,75,10,4	134.2			
365	96.0	96.0	96.0	465,47,16,6	132.7			
366	62.0	62.0	62.0	1575,69,14,8	132.3			
367	48.0	48.0	48.0	1209,751,4,16	131.6			
368	61.0	61.0	61.0	567,200,8,7	131.5			
369	0.0	0.0	0.0	0,17,6,9	130.5			
370	58.0	58.0	59.0	1471,0,14,7	130.4			
371	68.0	68.0	68.0	1181,481,12,4	130.2			
372	61.0	61.0	66.0	491,415,12,6	128.9			
373	100.0	100.0	100.0	1549,310,16,4	128.9			
374	72.0	72.0	74.0	717,215,12,4	128.4			
375	36.0	36.0	36.0	385,71,8,5	128.3			
376	120.0	120.0	120.0	123,817,4,10	128.3			
377	107.0	107.0	108.0	1554,509,9,10	127.9			
378	118.0	117.0	118.0	1817,697,8,12	127.7			
379	83.0	82.0	84.0	134,575,5,18	127.6			
380	123.0	123.0	123.0	1905,1057,15,6	127.3			
381	66.0	66.0	66.0	1391,21,12,6	126.5			
382	125.0	124.0	127.0	1177,38,10,5	126.1			
383	96.0	93.0	98.0	737,441,9,8	125.9			
384	108.0	108.0	108.0	1425,23,16,4	125.8			
385	130.0	130.0	130.0	83,867,10,8	125.6			
386	104.0	104.0	104.0	225,1051,10,4	125.1			
387	130.0	130.0	130.0	1750,914,5,7	124.9			
388	96.0	95.0	99.0	1077,51,11,6	124.5			
389	65.0	65.0	66.0	1165,151,12,6	124.2			
390	22.0	18.0	22.0	259,849,5,10	123.8			
391	59.0	56.0	59.0	1007,189,7,9	123.4			
392	49.0	49.0	50.0	946,1042,17,3	123.3			
393	49.0	49.0	49.0	1097,1013,8,10	122.7			
394	100.0	100.0	100.0	0,66,5,11	122.7			
395	69.0	69.0	69.0	962,694,15,5	122.4			
396	110.0	110.0	116.0	111,71,8,6	122.1			
397	108.0	108.0	108.0	1270,3,11,6	121.2			
398	95.0	95.0	96.0	510,47,7,8	121.1			
399	70.0	70.0	70.0	1123,32,14,5	119.9			
400	2.0	2.0	2.0	17,129,6,8	119.5			
401	1.0	1.0	1.0	465,293,8,6	119.4			
402	48.0	48.0	48.0	1189,843,4,12	118.2			
403	104.0	104.0	104.0	373,1023,14,6	118.2			
404	2.0	1.0	2.0	365,401,6,8	118.1			
405	26.0	26.0	26.0	1789,970,4,15	118.1			
406	59.0	59.0	59.0	1557,5,10,6	117.4			
407	43.0	43.0	43.0	1769,77,4,10	117.3			
408	108.0	108.0	108.0	497,400,16,7	117.2			
409	87.0	86.0	89.0	555,391,8,10	116.9			
410	23.0	23.0	24.0	89,973,8,8	116.0			
411	60.0	60.0	60.0	311,751,4,16	115.7			
412	101.0	101.0	101.0	1449,941,14,8	115.7			
413	69.0	69.0	69.0	1099,105,12,6	115.6			
414	48.0	48.0	48.0	1073,659,4,16	115.5			
415	22.0	22.0	26.0	1811,289,4,8	115.3			
416	84.0	84.0	84.0	80,0,9,9	115.3			
417	94.0	94.0	94.0	307,135,6,6	115.1			
418	57.0	56.0	58.0	753,17,12,6	114.4			
419	97.0	97.0	97.0	937,85,16,5	114.3			
420	97.0	97.0	97.0	1794,693,4,14	114.0			
421	81.0	81.0	81.0	409,769,6,12	113.5			
422	101.0	101.0	101.0	920,857,9,6	113.0			
423	55.0	55.0	55.0	1037,337,8,8	111.6			
424	104.0	104.0	104.0	228,7,11,4	110.6			
425	63.0	63.0	63.0	229,671,6,14	110.4			
426	73.0	73.0	73.0	1613,383,8,12	110.4			
427	8.0	8.0	10.0	1139,193,6,8	110.3			
428	135.0	135.0	135.0	573,583,12,5	110.1			
429	9.0	9.0	9.0	1898,787,9,9	109.4			
430	56.0	56.0	56.0	81,9,8,8	109.2			
431	15.0	11.0	15.0	1185,673,10,8	109.1			
432	58.0	58.0	58.0	1753,75,8,10	109.0			
433	66.0	66.0	69.0	1405,217,8,7	109.0			
434	100.0	100.0	100.0	181,9,8,4	108.8			
435	76.0	76.0	76.0	269,359,4,15	108.3			
436	67.0	67.0	67.0	1077,47,12,4	108.2			
437	76.0	76.0	79.0	657,29,8,4	108.2			
438	19.0	19.0	19.0	1914,137,6,8	108.0			
439	70.0	70.0	70.0	765,485,4,16	108.0			
440	81.0	81.0	81.0	1176,105,13,4	107.9			
441	77.0	77.0	79.0	209,237,15,4	107.3			
442	115.0	115.0	115.0	1401,193,6,9	107.3			
443	114.0	114.0	114.0	1807,31,10,10	106.3			
444	50.0	50.0	50.0	1857,917,8,5	106.1			
445	136.0	131.0	136.0	1009,609,8,8	104.8			
446	0.0	0.0	2.0	910,201,11,6	104.7			
447	17.0	17.0	17.0	1739,1055,12,4	104.5			
448	104.0	104.0	104.0	543,995,16,4	104.5			
449	13.0	12.0	13.0	834,722,7,11	104.3			
450	15.0	15.0	15.0	161,224,6,7	103.9			
451	94.0	94.0	94.0	1387,33,8,6	103.9			
452	101.0	99.0	101.0	1849,8,6,7	103.3			
453	21.0	19.0	21.0	1722,39,7,9	102.4			
454	81.0	77.0	81.0	1227,173,13,4	102.1			
455	106.0	106.0	106.0	1363,63,14,4	101.7			
456	99.0	99.0	99.0	977,853,8,10	101.1			
457	65.0	65.0	69.0	746,658,2,14	101.0			
458	60.0	60.0	60.0	367,441,8,8	100.0			
459	32.0	29.0	32.0	1901,86,10,7	99.7			
460	95.0	95.0	95.0	417,473,10,6	99.3			
461	107.0	107.0	107.0	1083,883,6,6	99.1			
462	107.0	107.0	107.0	957,3,12,5	98.4			
463	112.0	112.0	112.0	1685,29,8,6	97.8			
464	64.0	64.0	64.0	411,331,6,8	97.6			
465	100.0	100.0	100.0	665,19,7,4	97.2			
466	18.0	18.0	18.0	37,913,6,8	96.5			
467	51.0	50.0	51.0	1881,1019,6,6	96.3			
468	68.0	68.0	68.0	825,779,4,14	96.3			
469	115.0	113.0	118.0	1171,171,8,4	96.3			
470	24.0	24.0	24.0	1691,898,4,7	96.1			
471	80.0	80.0	80.0	739,642,8,9	96.1			
472	82.0	82.0	82.0	0,747,7,9	96.1			
473	86.0	86.0	88.0	1887,1075,10,5	96.1			
474	121.0	121.0	121.0	1713,643,2,16	95.8			
475	136.0	136.0	136.0	1343,553,6,8	95.3			
476	97.0	95.0	97.0	449,249,5,8	94.8			
477	86.0	86.0	89.0	593,921,10,8	94.7			
478	58.0	58.0	58.0	625,97,8,4	94.6			
479	93.0	93.0	93.0	1751,647,6,11	94.6			
480	69.0	69.0	69.0	931,819,4,14	94.0			
481	106.0	106.0	106.0	1712,0,9,7	93.3			
482	113.0	112.0	118.0	565,329,5,6	93.0			
483	78.0	78.0	78.0	209,403,6,7	92.8			
484	41.0	41.0	41.0	419,681,16,4	92.6			
485	70.0	70.0	70.0	771,94,4,9	92.6			
486	65.0	65.0	65.0	779,463,6,6	91.7			
487	107.0	107.0	107.0	427,45,7,6	91.6			
488	59.0	59.0	59.0	1831,1057,10,16	91.4			
489	5.0	5.0	5.0	0,971,5,6	91.2			
490	25.0	25.0	27.0	63,71,8,4	90.8			
491	79.0	79.0	79.0	955,739,6,8	90.8			
492	135.0	135.0	135.0	583,658,5,11	90.7			
493	102.0	102.0	102.0	863,989,8,4	90.6			
494	25.0	25.0	26.0	159,201,10,6	90.2			
495	41.0	40.0	45.0	139,81,10,6	90.2			
496	95.0	92.0	95.0	1123,167,14,4	90.2			
497	103.0	103.0	103.0	765,973,11,4	90.2			
498	97.0	97.0	97.0	501,387,12,8	90.0			
499	14.0	14.0	14.0	1298,1061,7,15	89.8			
500	82.0	82.0	82.0	337,921,8,5	89.5			
501	98.0	98.0	98.0	593,929,4,8	89.5			
502	123.0	123.0	130.0	48,428,7,6	89.3			
503	34.0	34.0	36.0	241,145,11,4	89.2			
504	64.0	64.0	64.0	609,579,4,7	88.5			
505	106.0	105.0	106.0	919,0,8,4	88.1			
506	65.0	65.0	65.0	885,1065,4,8	88.0			
507	70.0	70.0	70.0	909,67,10,4	87.6			
508	68.0	68.0	68.0	1034,69,9,4	87.3			
509	95.0	95.0	95.0	443,761,6,8	86.8			
510	113.0	112.0	118.0	399,423,10,6	86.8			
511	130.0	130.0	130.0	1667,883,6,4	86.7			
512	68.0	68.0	68.0	1062,585,3,10	86.4			
513	81.0	81.0	81.0	109,934,4,9	86.1			
514	124.0	124.0	124.0	1783,865,6,5	86.0			
515	128.0	128.0	128.0	682,727,9,7	85.8			
516	60.0	60.0	60.0	1609,373,6,9	85.0			
517	79.0	79.0	79.0	753,953,4,8	84.5			
518	101.0	101.0	101.0	1281,973,12,3	84.5			
519	72.0	72.0	72.0	8,169,9,4	84.4			
520	91.0	91.0	91.0	241,1049,4,12	83.9			
521	2.0	2.0	2.0	197,1043,6,6	83.7			
522	135.0	135.0	135.0	487,575,8,6	83.7			
523	133.0	133.0	134.0	281,799,6,6	83.5			
524	22.0	22.0	22.0	433,43,7,5	83.4			
525	113.0	113.0	113.0	1857,249,8,8	83.1			
526	23.0	23.0	23.0	1911,449,6,11	83.0			
527	23.0	23.0	23.0	149,1025,9,4	82.8			
528	22.0	13.0	22.0	130,178,7,5	82.6			
529	99.0	99.0	99.0	939,0,10,3	82.6			
530	110.0	110.0	113.0	401,29,8,8	82.6			
531	67.0	67.0	67.0	1181,0,8,7	82.5			
532	109.0	109.0	109.0	1808,47,9,6	82.4			
533	76.0	76.0	78.0	0,565,16,2	81.7			
534	101.0	101.0	101.0	1545,575,8,10	81.7			
535	136.0	136.0	136.0	1239,705,6,6	81.7			
536	98.0	98.0	98.0	115,421,10,4	81.6			
537	59.0	56.0	59.0	1777,297,8,8	81.4			
538	74.0	74.0	74.0	1572,111,8,7	81.4			
539	121.0	121.0	121.0	25,151,10,4	81.4			
540	12.0	11.0	13.0	958,848,5,10	81.3			
541	107.0	107.0	107.0	93,407,10,12	81.1			
542	35.0	35.0	36.0	685,203,8,4	81.0			
543	46.0	46.0	46.0	1155,27,8,9	80.7			
544	136.0	131.0	136.0	1043,469,6,6	80.7			
545	33.0	32.0	33.0	849,47,11,4	80.5			
546	70.0	70.0	70.0	1200,220,5,6	80.4			
547	81.0	81.0	81.0	1261,93,14,4	80.4			
548	69.0	69.0	69.0	1175,55,6,4	80.3			
549	106.0	106.0	106.0	1459,591,2,10	80.1			
550	108.0	108.0	108.0	1473,0,8,3	79.9			
551	21.0	21.0	25.0	1915,321,5,8	79.8			
552	66.0	66.0	66.0	1225,41,8,4	79.6			
553	114.0	114.0	114.0	19,225,10,4	79.6			
554	82.0	82.0	82.0	341,619,6,9	79.2			
555	34.0	34.0	34.0	0,161,5,9	78.8			
556	81.0	81.0	81.0	1277,0,6,5	78.6			
557	9.0	6.0	9.0	470,1013,7,8	78.5			
558	48.0	48.0	48.0	309,13,7,5	78.5			
559	16.0	16.0	16.0	7,841,6,6	78.4			
560	48.0	46.0	48.0	1153,0,5,5	78.0			
561	126.0	124.0	126.0	1727,107,10,4	77.8			
562	76.0	76.0	76.0	1029,251,8,6	77.7			
563	61.0	61.0	61.0	631,605,4,8	77.4			
564	79.0	79.0	79.0	851,849,4,6	77.4			
565	16.0	13.0	17.0	276,106,5,7	77.2			
566	27.0	27.0	28.0	1064,117,7,5	77.2			
567	68.0	68.0	68.0	1173,353,5,6	77.1			
568	113.0	113.0	113.0	1285,0,4,11	76.8			
569	68.0	68.0	68.0	7,549,8,3	76.4			
570	10.0	10.0	14.0	465,45,6,6	76.1			
571	17.0	17.0	19.0	503,365,7,8	75.9			
572	104.0	104.0	104.0	1441,519,8,6	75.8			
573	97.0	97.0	97.0	1825,603,7,6	75.7			
574	45.0	45.0	45.0	669,5,12,3	75.3			
575	90.0	84.0	90.0	417,129,8,4	75.3			
576	39.0	39.0	39.0	101,353,12,3	74.9			
577	17.0	16.0	20.0	807,85,8,4	74.5			
578	111.0	111.0	111.0	1762,73,13,2	74.5			
579	0.0	0.0	0.0	1832,13,6,6	74.4			
580	76.0	76.0	76.0	955,5,5,7	74.0			
581	37.0	37.0	37.0	9,585,4,6	73.9			
582	67.0	67.0	67.0	945,165,8,4	73.7			
583	59.0	59.0	59.0	961,441,4,8	73.5			
584	87.0	87.0	89.0	1389,123,4,6	73.4			
585	115.0	110.0	116.0	1177,271,12,4	73.4			
586	18.0	10.0	18.0	31,387,8,6	73.3			
587	36.0	35.0	36.0	685,13,8,4	73.3			
588	62.0	62.0	62.0	333,723,8,10	73.3			
589	109.0	109.0	109.0	1679,39,6,9	73.0			
590	117.0	117.0	117.0	17,187,6,6	73.0			
591	0.0	0.0	0.0	959,69,6,4	72.3			
592	5.0	5.0	5.0	0,1049,3,8	72.3			
593	96.0	96.0	96.0	541,417,4,8	72.2			
594	106.0	106.0	106.0	1694,423,6,6	72.2			
595	93.0	93.0	93.0	595,871,6,4	71.8			
596	107.0	107.0	107.0	1116,61,7,4	71.8			
597	124.0	124.0	125.0	1619,11,6,6	71.6			
598	25.0	25.0	26.0	1193,181,6,5	71.4			
599	46.0	46.0	46.0	1883,1065,6,4	71.4			
600	95.0	95.0	98.0	654,252,2,10	71.3			
601	5.0	5.0	5.0	65,743,4,6	70.8			
602	24.0	22.0	30.0	213,579,4,10	70.8			
603	102.0	102.0	102.0	1646,475,10,6	70.8			
604	2.0	2.0	2.0	449,371,8,4	70.7			
605	114.0	114.0	115.0	1529,73,11,2	70.7			
606	132.0	132.0	132.0	273,1073,5,4	70.6			
607	107.0	107.0	107.0	1859,137,6,6	70.3			
608	81.0	77.0	81.0	951,290,4,7	70.2			
609	41.0	41.0	41.0	1825,91,6,4	70.0			
610	94.0	92.0	94.0	1037,81,3,8	69.9			
611	48.0	48.0	48.0	1333,741,8,4	69.8			
612	62.0	62.0	62.0	649,225,8,4	69.7			
613	99.0	99.0	99.0	95,973,8,6	69.6			
614	102.0	102.0	102.0	117,269,4,6	69.3			
615	119.0	119.0	119.0	35,1063,10,2	69.3			
616	32.0	30.0	32.0	1059,17,7,4	68.7			
617	62.0	62.0	62.0	1099,729,4,6	68.7			
618	106.0	106.0	106.0	851,0,9,2	68.7			
619	99.0	99.0	99.0	1877,371,6,4	68.5			
620	50.0	50.0	50.0	385,57,9,3	68.3			
621	99.0	99.0	99.0	255,69,8,6	68.3			
622	130.0	128.0	130.0	1865,908,4,5	68.3			
623	16.0	16.0	16.0	1889,1061,6,4	68.2			
624	22.0	22.0	22.0	65,637,4,7	68.1			
625	51.0	51.0	51.0	643,552,4,9	68.1			
626	98.0	98.0	98.0	1741,479,4,8	68.1			
627	123.0	122.0	123.0	249,507,7,3	67.9			
628	22.0	18.0	23.0	1816,239,5,6	67.8			
629	25.0	22.0	25.0	47,1027,8,6	67.8			
630	5.0	5.0	5.0	1079,0,6,3	67.7			
631	14.0	14.0	14.0	1811,1037,4,5	67.3			
632	13.0	12.0	13.0	485,101,6,4	67.1			
633	110.0	110.0	110.0	1388,43,7,4	67.1			
634	34.0	34.0	34.0	303,441,4,8	66.9			
635	0.0	0.0	0.0	1533,23,8,4	66.8			
636	117.0	117.0	117.0	1441,373,8,4	66.8			
637	2.0	2.0	2.0	1573,853,6,4	66.2			
638	40.0	40.0	40.0	1807,1019,4,6	66.1			
639	17.0	17.0	17.0	109,307,12,2	65.8			
640	47.0	47.0	47.0	283,755,4,12	65.7			
641	106.0	106.0	106.0	1565,435,8,5	65.7			
642	95.0	95.0	95.0	293,275,11,4	65.4			
643	46.0	46.0	46.0	1824,1053,5,8	65.3			
644	23.0	20.0	23.0	1834,367,11,4	65.2			
645	88.0	88.0	92.0	1781,767,10,2	65.1			
646	96.0	96.0	96.0	721,73,8,4	65.1			
647	78.0	77.0	80.0	1487,271,4,8	65.0			
648	10.0	10.0	10.0	255,1029,10,4	64.9			
649	75.0	75.0	75.0	1381,75,10,6	64.9			
650	69.0	69.0	69.0	141,61,8,4	64.4			
651	52.0	52.0	52.0	1249,112,7,5	64.1			
652	55.0	55.0	55.0	1837,940,4,5	64.0			
653	82.0	82.0	82.0	539,239,6,6	64.0			
654	95.0	95.0	95.0	222,6,3,6	64.0			
655	62.0	62.0	62.0	1133,977,2,10	63.9			
656	53.0	53.0	53.0	1225,311,6,7	63.7			
657	37.0	37.0	37.0	1910,401,3,8	63.6			
658	73.0	73.0	73.0	123,285,4,4	63.5			
659	0.0	0.0	4.0	1833,124,5,17	63.4			
660	56.0	56.0	56.0	1145,443,8,4	63.4			
661	41.0	41.0	46.0	0,909,5,6	63.1			
662	92.0	92.0	92.0	1173,669,8,8	63.1			
663	101.0	101.0	101.0	305,13,8,6	62.9			
664	110.0	110.0	110.0	1833,25,6,4	62.8			
665	29.0	29.0	30.0	1496,95,7,5	62.6			
666	54.0	54.0	54.0	687,293,4,6	62.6			
667	47.0	43.0	47.0	167,673,14,4	62.3			
668	10.0	10.0	10.0	1479,30,8,3	62.0			
669	35.0	35.0	38.0	965,645,4,6	62.0			
670	71.0	71.0	71.0	1561,405,11,4	61.7			
671	71.0	71.0	71.0	1449,49,9,2	61.6			
672	86.0	80.0	86.0	292,125,5,10	61.6			
673	14.0	12.0	14.0	1025,35,8,2	61.5			
674	107.0	107.0	107.0	893,28,10,3	61.5			
675	12.0	12.0	12.0	873,53,6,4	61.0			
676	35.0	35.0	36.0	329,197,6,4	61.0			
677	92.0	89.0	92.0	1092,577,6,7	60.9			
678	77.0	77.0	80.0	569,255,8,4	60.8			
679	126.0	126.0	126.0	105,837,8,6	60.1			
680	47.0	46.0	47.0	121,713,4,8	59.9			
681	71.0	71.0	77.0	1145,237,8,4	59.7			
682	42.0	42.0	45.0	65,231,14,2	59.6			
683	28.0	28.0	29.0	1444,77,5,9	59.5			
684	109.0	109.0	109.0	29,1057,4,8	59.4			
685	18.0	16.0	21.0	317,197,8,2	59.3			
686	27.0	27.0	27.0	1160,25,6,4	59.2			
687	71.0	71.0	71.0	1041,173,4,4	59.1			
688	8.0	8.0	9.0	1081,129,6,4	58.8			
689	62.0	62.0	62.0	1291,761,4,6	58.7			
690	81.0	81.0	81.0	1113,431,6,7	58.6			
691	29.0	29.0	31.0	1033,133,6,4	58.5			
692	99.0	99.0	99.0	502,920,9,5	58.5			
693	38.0	38.0	43.0	27,44,4,4	58.3			
694	96.0	96.0	96.0	781,0,6,3	58.3			
695	136.0	136.0	136.0	1593,581,5,4	58.2			
696	26.0	24.0	26.0	181,786,4,7	58.1			
697	30.0	30.0	30.0	185,191,4,6	58.1			
698	90.0	90.0	90.0	291,653,6,4	57.8			
699	2.0	1.0	2.0	181,495,8,2	57.7			
700	23.0	23.0	27.0	144,449,3,8	57.6			
701	111.0	111.0	111.0	1665,3,4,4	57.4			
702	10.0	9.0	10.0	245,283,6,4	57.3			
703	76.0	76.0	80.0	217,323,6,4	57.3			
704	87.0	87.0	87.0	1800,933,4,4	57.3			
705	41.0	41.0	41.0	853,265,10,4	57.2			
706	49.0	49.0	52.0	857,955,4,4	57.2			
707	0.0	0.0	0.0	1077,159,8,4	57.1			
708	109.0	109.0	109.0	1807,175,6,4	57.0			
709	112.0	112.0	112.0	1769,205,5,4	57.0			
710	136.0	136.0	136.0	1043,627,2,10	56.7			
711	21.0	21.0	21.0	689,369,5,4	56.5			
712	113.0	113.0	113.0	976,320,7,3	56.5			
713	16.0	13.0	16.0	337,195,8,4	56.4			
714	22.0	22.0	22.0	530,177,7,3	56.4			
715	109.0	109.0	109.0	1415,327,4,4	56.3			
716	9.0	9.0	9.0	1913,1030,7,6	56.2			
717	17.0	16.0	19.0	305,697,4,8	56.2			
718	96.0	96.0	96.0	235,421,6,6	56.1			
719	2.0	2.0	2.0	1361,209,4,4	56.0			
720	135.0	135.0	135.0	203,1016,6,3	55.6			
721	15.0	14.0	15.0	649,399,4,4	55.5			
722	23.0	23.0	24.0	483,945,3,10	55.5			
723	124.0	124.0	124.0	1857,158,3,6	55.5			
724	133.0	133.0	134.0	700,1025,3,6	55.4			
725	12.0	12.0	13.0	873,219,8,2	55.3			
726	99.0	99.0	99.0	389,935,8,4	55.3			
727	135.0	135.0	135.0	45,987,2,8	55.2			
728	0.0	0.0	0.0	951,367,6,6	54.9			
729	72.0	72.0	72.0	1201,19,4,4	54.9			
730	112.0	112.0	112.0	507,7,10,2	54.9			
731	26.0	26.0	26.0	953,574,6,5	54.8			
732	33.0	33.0	33.0	1851,121,6,4	54.6			
733	28.0	28.0	28.0	966,33,5,3	54.5			
734	96.0	96.0	96.0	443,821,5,6	54.4			
735	46.0	42.0	46.0	1605,469,10,4	54.3			
736	46.0	46.0	46.0	503,179,8,4	54.2			
737	80.0	77.0	80.0	330,282,7,3	54.2			
738	118.0	118.0	118.0	141,261,5,4	54.2			
739	41.0	41.0	42.0	157,1027,4,6	54.1			
740	111.0	111.0	117.0	0,366,5,4	54.1			
741	81.0	81.0	81.0	1138,0,6,3	54.0			
742	84.0	84.0	85.0	649,489,4,6	53.8			
743	34.0	34.0	34.0	0,471,5,4	53.7			
744	86.0	85.0	87.0	233,529,4,4	53.7			
745	75.0	75.0	75.0	317,673,4,6	53.6			
746	125.0	125.0	125.0	107,839,4,8	53.5			
747	4.0	4.0	4.0	658,186,6,3	53.3			
748	114.0	114.0	114.0	1729,0,6,3	53.2			
749	85.0	85.0	85.0	513,517,8,2	53.1			
750	4.0	3.0	5.0	957,299,4,4	52.8			
751	40.0	40.0	40.0	937,881,6,6	52.8			
752	25.0	25.0	25.0	1869,47,6,8	52.6			
753	32.0	32.0	32.0	1251,757,4,5	52.6			
754	36.0	36.0	36.0	805,401,4,6	52.5			
755	98.0	98.0	98.0	1351,151,8,2	52.5			
756	115.0	115.0	115.0	193,14,6,6	52.2			
757	82.0	82.0	82.0	259,849,3,6	52.0			
758	51.0	51.0	51.0	125,353,4,6	51.8			
759	99.0	99.0	99.0	1555,86,6,3	51.8			
760	9.0	9.0	9.0	553,161,4,4	51.7			
761	111.0	111.0	115.0	931,199,10,2	51.7			
762	22.0	14.0	22.0	311,379,8,2	51.6			
763	44.0	44.0	44.0	845,187,6,4	51.6			
764	80.0	80.0	80.0	1022,444,6,5	51.5			
765	110.0	110.0	110.0	1903,43,4,4	51.4			
766	11.0	11.0	11.0	1378,3,6,2	51.3			
767	16.0	16.0	16.0	1067,347,5,4	51.3			
768	25.0	23.0	26.0	1047,103,6,5	50.9			
769	96.0	96.0	96.0	369,696,6,4	50.9			
770	110.0	110.0	116.0	0,493,5,4	50.9			
771	45.0	45.0	45.0	1422,115,7,3	50.8			
772	29.0	29.0	31.0	205,715,4,6	50.7			
773	124.0	124.0	124.0	1850,224,5,4	50.7			
774	16.0	16.0	16.0	450,346,7,3	50.6			
775	17.0	17.0	17.0	261,1057,4,6	50.6			
776	118.0	117.0	118.0	1846,647,8,4	50.6			
777	96.0	96.0	96.0	395,631,6,7	50.5			
778	111.0	109.0	111.0	1863,591,3,6	50.3			
779	21.0	21.0	21.0	181,233,2,8	50.1			
780	18.0	18.0	18.0	1741,657,4,4	50.0			
781	77.0	77.0	80.0	240,60,3,5	49.6			
782	20.0	14.0	20.0	443,1071,2,9	49.4			
783	75.0	75.0	75.0	1681,777,6,4	49.3			
784	112.0	111.0	112.0	1817,121,6,4	49.0			
785	130.0	128.0	130.0	1611,728,7,4	49.0			
786	16.0	16.0	20.0	655,1017,6,4	48.8			
787	11.0	11.0	11.0	889,11,8,2	48.7			
788	79.0	79.0	79.0	269,187,4,4	48.7			
789	98.0	98.0	98.0	579,15,7,2	48.7			
790	9.0	9.0	9.0	1641,497,8,2	48.6			
791	10.0	10.0	10.0	1883,83,4,4	48.6			
792	25.0	25.0	25.0	285,331,7,4	48.6			
793	30.0	30.0	30.0	577,1023,4,8	48.3			
794	71.0	71.0	71.0	697,181,7,2	48.1			
795	81.0	80.0	81.0	1207,357,3,7	47.9			
796	136.0	136.0	136.0	961,469,2,8	47.8			
797	43.0	43.0	43.0	773,725,8,2	47.7			
798	87.0	87.0	87.0	249,521,8,2	47.7			
799	84.0	83.0	84.0	5,11,6,6	47.5			
800	112.0	112.0	112.0	0,1005,12,2	47.5			
801	116.0	116.0	116.0	161,269,8,2	47.5			
802	44.0	44.0	44.0	1861,53,5,6	47.4			
803	93.0	93.0	93.0	1369,161,3,5	47.3			
804	135.0	134.0	136.0	1747,897,4,6	47.0			
805	71.0	71.0	72.0	1630,426,7,3	46.9			
806	83.0	83.0	83.0	85,595,4,4	46.9			
807	98.0	98.0	98.0	1485,235,6,3	46.9			
808	115.0	115.0	115.0	1806,191,9,4	46.9			
809	80.0	80.0	80.0	553,591,8,2	46.8			
810	44.0	44.0	44.0	1143,985,2,8	46.4			
811	29.0	28.0	29.0	434,111,6,4	46.2			
812	0.0	0.0	0.0	1813,937,2,8	46.1			
813	28.0	28.0	28.0	426,161,6,2	46.1			
814	30.0	30.0	30.0	993,81,6,4	46.1			
815	17.0	17.0	17.0	393,679,2,6	46.0			
816	35.0	35.0	35.0	223,519,8,3	46.0			
817	42.0	42.0	44.0	143,161,6,4	45.9			
818	55.0	55.0	55.0	425,198,5,3	45.8			
819	1.0	1.0	2.0	281,585,8,6	45.7			
820	115.0	115.0	115.0	1169,361,8,2	45.6			
821	18.0	17.0	20.0	203,479,4,6	45.5			
822	36.0	36.0	36.0	1243,231,6,4	45.5			
823	45.0	45.0	45.0	281,99,4,14	45.3			
824	43.0	43.0	43.0	934,144,7,3	45.2			
825	49.0	49.0	49.0	907,761,2,7	45.2			
826	98.0	94.0	98.0	161,741,8,2	45.2			
827	78.0	78.0	78.0	571,79,4,8	45.1			
828	110.0	110.0	110.0	1873,147,4,6	45.1			
829	29.0	26.0	29.0	1910,401,7,6	45.0			
830	110.0	110.0	110.0	1507,47,8,2	45.0			
831	111.0	111.0	111.0	997,35,4,4	45.0			
832	76.0	76.0	76.0	29,235,4,3	44.9			
833	87.0	87.0	89.0	1219,161,4,5	44.9			
834	96.0	96.0	96.0	199,201,6,4	44.9			
835	10.0	8.0	10.0	467,449,6,3	44.7			
836	26.0	26.0	26.0	97,169,7,2	44.7			
837	40.0	40.0	40.0	1761,663,6,3	44.5			
838	118.0	118.0	118.0	1837,529,6,2	44.5			
839	6.0	6.0	6.0	839,199,5,3	44.4			
840	18.0	18.0	20.0	375,429,6,4	44.4			
841	111.0	111.0	111.0	1825,0,6,3	44.3			
842	114.0	113.0	114.0	1827,0,6,3	44.3			
843	43.0	43.0	43.0	1705,145,4,4	44.2			
844	109.0	109.0	110.0	1361,137,4,6	44.1			
845	31.0	31.0	31.0	823,469,6,2	44.0			
846	44.0	40.0	44.0	381,213,8,2	44.0			
847	36.0	36.0	36.0	1033,359,8,2	43.9			
848	49.0	49.0	49.0	707,947,3,4	43.9			
849	109.0	109.0	109.0	1715,87,6,4	43.9			
850	75.0	75.0	75.0	982,151,7,2	43.8			
851	13.0	13.0	17.0	581,189,6,2	43.7			
852	21.0	21.0	21.0	409,757,6,4	43.7			
853	24.0	24.0	24.0	201,677,4,4	43.7			
854	82.0	82.0	82.0	1899,885,6,4	43.7			
855	49.0	49.0	49.0	1427,357,8,2	43.6			
856	115.0	115.0	115.0	129,61,4,4	43.6			
857	34.0	34.0	34.0	1314,0,7,2	43.3			
858	109.0	109.0	109.0	1671,373,4,4	43.3			
859	119.0	119.0	119.0	286,529,2,5	43.3			
860	71.0	71.0	71.0	265,39,8,2	43.2			
861	16.0	16.0	18.0	1111,169,6,8	43.1			
862	26.0	26.0	26.0	1689,983,6,5	43.1			
863	25.0	23.0	25.0	1477,523,6,5	43.0			
864	82.0	82.0	82.0	393,199,4,5	42.9			
865	131.0	131.0	131.0	9,990,6,8	42.9			
866	46.0	46.0	46.0	1021,52,2,7	42.8			
867	92.0	92.0	94.0	1029,417,8,2	42.8			
868	111.0	111.0	111.0	115,714,6,3	42.8			
869	133.0	133.0	133.0	310,1025,3,4	42.8			
870	45.0	45.0	45.0	1697,203,6,2	42.5			
871	110.0	110.0	110.0	774,227,5,4	42.4			
872	77.0	77.0	77.0	1409,811,4,4	42.3			
873	43.0	42.0	43.0	1257,577,5,4	42.0			
874	81.0	81.0	81.0	1035,221,6,2	41.9			
875	14.0	14.0	14.0	173,218,6,3	41.7			
876	30.0	30.0	30.0	700,0,5,3	41.7			
877	28.0	28.0	28.0	1903,543,4,6	41.6			
878	33.0	33.0	33.0	1897,268,6,5	41.5			
879	47.0	47.0	47.0	1049,77,4,4	41.4			
880	12.0	12.0	12.0	891,503,6,2	41.0			
881	18.0	18.0	18.0	41,246,4,5	41.0			
882	19.0	19.0	19.0	825,263,8,4	41.0			
883	46.0	46.0	46.0	1871,942,4,5	40.9			
884	56.0	56.0	56.0	961,95,8,2	40.9			
885	12.0	12.0	12.0	817,919,3,6	40.8			
886	43.0	43.0	43.0	1755,201,7,2	40.7			
887	93.0	93.0	93.0	1787,445,6,4	40.5			
888	113.0	113.0	115.0	1359,179,8,2	40.5			
889	135.0	135.0	135.0	1899,1004,5,7	40.5			
890	42.0	42.0	42.0	403,422,4,3	40.3			
891	54.0	54.0	54.0	1081,473,4,8	40.3			
892	22.0	22.0	22.0	1471,91,4,5	40.2			
893	123.0	123.0	123.0	1282,107,3,4	40.2			
894	109.0	109.0	109.0	1326,195,5,4	40.1			
895	114.0	114.0	114.0	91,805,3,6	40.1			
896	41.0	41.0	41.0	621,819,4,6	40.0			
897	125.0	125.0	125.0	117,902,5,5	40.0			
898	5.0	5.0	5.0	1019,0,4,3	39.8			
899	109.0	109.0	109.0	1551,57,6,2	39.8			
900	113.0	113.0	113.0	225,61,6,2	39.8			
901	22.0	22.0	22.0	225,359,8,4	39.7			
902	38.0	38.0	38.0	153,65,6,2	39.6			
903	95.0	95.0	95.0	1785,201,3,4	39.4			
904	18.0	18.0	18.0	579,299,5,4	39.0			
905	123.0	123.0	123.0	1629,299,4,3	39.0			
906	51.0	51.0	51.0	633,421,6,2	38.9			
907	75.0	75.0	75.0	254,663,3,6	38.9			
908	30.0	29.0	30.0	1749,427,4,4	38.8			
909	34.0	33.0	34.0	0,274,4,3	38.6			
910	19.0	19.0	20.0	1715,601,6,2	38.4			
911	34.0	34.0	34.0	642,347,6,4	38.4			
912	36.0	36.0	36.0	455,46,6,3	38.4			
913	85.0	82.0	85.0	23,189,4,6	38.4			
914	112.0	112.0	113.0	1679,129,6,2	38.4			
915	118.0	118.0	118.0	487,89,6,2	38.4			
916	6.0	5.0	6.0	715,42,4,4	38.3			
917	109.0	109.0	109.0	1917,737,3,6	38.3			
918	50.0	50.0	50.0	681,953,6,2	38.2			
919	90.0	90.0	90.0	258,1041,7,2	38.1			
920	78.0	78.0	78.0	461,421,2,6	38.0			
921	82.0	82.0	82.0	90,389,7,2	37.9			
922	114.0	114.0	114.0	347,3,4,3	37.9			
923	23.0	22.0	23.0	103,315,5,3	37.8			
924	109.0	109.0	109.0	1873,1075,6,5	37.8			
925	11.0	9.0	11.0	1051,369,4,3	37.7			
926	115.0	115.0	115.0	0,131,7,2	37.7			
927	12.0	12.0	13.0	449,317,4,8	37.6			
928	94.0	92.0	94.0	802,609,5,6	37.5			
929	135.0	134.0	135.0	171,51,2,8	37.5			
930	8.0	8.0	10.0	1148,97,5,2	37.4			
931	88.0	88.0	88.0	99,491,6,2	37.4			
932	14.0	13.0	14.0	1269,35,6,2	37.3			
933	45.0	45.0	45.0	1797,195,4,4	37.3			
934	135.0	135.0	135.0	269,215,4,4	37.3			
935	2.0	2.0	3.0	319,681,8,2	37.1			
936	20.0	19.0	20.0	1623,86,4,3	37.0			
937	31.0	31.0	31.0	251,769,3,4	37.0			
938	32.0	32.0	33.0	445,281,4,3	37.0			
939	111.0	111.0	111.0	1603,117,6,2	36.9			
940	22.0	22.0	22.0	1315,0,4,3	36.8			
941	28.0	28.0	28.0	384,0,3,4	36.8			
942	110.0	110.0	110.0	1725,7,6,4	36.7			
943	80.0	80.0	80.0	107,561,4,4	36.5			
944	17.0	12.0	18.0	367,115,4,4	36.2			
945	20.0	20.0	20.0	1775,1032,3,5	36.1			
946	119.0	119.0	119.0	109,799,4,6	36.1			
947	10.0	10.0	15.0	1263,99,4,6	36.0			
948	49.0	49.0	49.0	34,25,4,4	36.0			
949	17.0	17.0	17.0	5,32,6,4	35.7			
950	109.0	109.0	109.0	79,777,2,8	35.7			
951	27.0	27.0	27.0	379,35,2,8	35.5			
952	43.0	43.0	43.0	461,325,4,4	35.5			
953	53.0	53.0	53.0	1869,73,5,3	35.5			
954	81.0	81.0	81.0	1005,455,4,4	35.5			
955	8.0	8.0	8.0	1073,317,3,6	35.4			
956	0.0	0.0	0.0	1787,797,2,5	35.3			
957	23.0	23.0	24.0	251,0,3,5	35.3			
958	89.0	89.0	89.0	1103,881,4,5	35.3			
959	10.0	9.0	10.0	161,235,4,6	34.8			
960	14.0	14.0	14.0	1585,529,4,3	34.8			
961	53.0	53.0	53.0	1273,383,8,2	34.7			
962	112.0	112.0	112.0	0,833,9,2	34.7			
963	113.0	113.0	113.0	1655,141,4,4	34.7			
964	80.0	80.0	80.0	1127,497,2,6	34.6			
965	15.0	15.0	15.0	157,1057,2,6	34.4			
966	111.0	111.0	111.0	1657,63,4,6	34.3			
967	15.0	15.0	15.0	154,983,4,3	34.2			
968	27.0	27.0	27.0	1035,49,4,3	34.2			
969	131.0	131.0	131.0	1450,1047,3,4	34.1			
970	129.0	129.0	129.0	151,853,2,4	34.0			
971	4.0	4.0	4.0	605,241,4,3	33.9			
972	45.0	45.0	45.0	503,137,6,2	33.9			
973	135.0	135.0	135.0	177,433,6,4	33.9			
974	51.0	51.0	51.0	599,521,6,2	33.8			
975	32.0	32.0	32.0	1208,885,4,3	33.7			
976	34.0	34.0	34.0	99,50,3,5	33.7			
977	41.0	41.0	44.0	257,553,6,2	33.7			
978	87.0	87.0	87.0	1681,563,4,6	33.7			
979	19.0	19.0	19.0	1178,390,5,3	33.6			
980	46.0	46.0	46.0	1535,743,4,6	33.6			
981	109.0	109.0	109.0	1769,347,4,4	33.6			
982	116.0	116.0	116.0	61,415,6,2	33.5			
983	117.0	117.0	117.0	181,815,6,4	33.5			
984	127.0	126.0	127.0	1829,65,7,2	33.5			
985	82.0	82.0	85.0	977,91,6,2	33.3			
986	78.0	78.0	78.0	137,427,4,4	33.2			
987	18.0	18.0	18.0	385,174,4,3	32.8			
988	56.0	55.0	56.0	109,539,3,4	32.7			
989	10.0	10.0	10.0	91,1069,2,6	32.6			
990	41.0	40.0	41.0	153,305,4,3	32.5			
991	18.0	17.0	18.0	33,41,6,2	32.3			
992	78.0	78.0	78.0	261,167,4,3	32.2			
993	77.0	77.0	79.0	1703,323,2,6	32.2			
994	83.0	83.0	83.0	313,815,2,6	32.2			
995	111.0	111.0	115.0	235,481,6,2	32.2			
996	117.0	117.0	117.0	81,129,8,2	32.2			
997	78.0	78.0	78.0	497,231,3,4	32.1			
998	135.0	133.0	135.0	25,283,8,2	32.1			
999	114.0	114.0	114.0	1547,113,5,2	31.9			
1000	38.0	38.0	38.0	1731,563,5,2	31.8			
1001	44.0	44.0	44.0	874,339,7,2	31.8			
1002	45.0	41.0	45.0	617,125,3,4	31.8			
1003	86.0	86.0	86.0	871,671,5,4	31.8			
1004	41.0	41.0	41.0	935,241,6,4	31.6			
1005	129.0	129.0	129.0	1823,817,2,4	31.6			
1006	44.0	44.0	44.0	915,275,6,2	31.5			
1007	111.0	111.0	111.0	1306,25,5,2	31.4			
1008	29.0	29.0	29.0	805,1047,4,3	31.3			
1009	123.0	120.0	123.0	475,1053,6,2	31.2			
1010	123.0	123.0	123.0	63,1049,6,6	31.1			
1011	34.0	34.0	34.0	571,294,4,3	31.0			
1012	45.0	45.0	45.0	907,347,8,2	31.0			
1013	110.0	110.0	110.0	1915,413,5,2	31.0			
1014	36.0	36.0	38.0	1018,423,3,4	30.9			
1015	43.0	43.0	43.0	1483,678,4,3	30.9			
1016	78.0	78.0	78.0	479,9,2,5	30.9			
1017	1.0	1.0	1.0	995,229,5,2	30.7			
1018	15.0	15.0	15.0	672,1055,3,3	30.7			
1019	80.0	80.0	80.0	1675,372,4,3	30.7			
1020	4.0	4.0	4.0	408,15,5,2	30.4			
1021	131.0	131.0	131.0	1670,922,3,3	30.4			
1022	33.0	33.0	33.0	587,621,4,4	30.3			
1023	41.0	41.0	41.0	289,193,6,2	30.2			
1024	89.0	89.0	89.0	159,902,2,5	30.2			
1025	118.0	118.0	118.0	158,613,3,4	30.2			
1026	45.0	45.0	45.0	1601,129,5,2	30.1			
1027	15.0	15.0	15.0	1345,191,4,2	30.0			
1028	29.0	29.0	29.0	1564,31,3,3	29.8			
1029	14.0	14.0	14.0	59,253,4,2	29.7			
1030	36.0	35.0	36.0	793,33,6,2	29.7			
1031	41.0	40.0	41.0	462,519,3,4	29.7			
1032	82.0	82.0	82.0	675,13,6,2	29.7			
1033	33.0	33.0	33.0	129,889,6,2	29.6			
1034	39.0	39.0	39.0	489,493,8,4	29.6			
1035	41.0	41.0	41.0	427,337,6,2	29.6			
1036	135.0	132.0	135.0	562,717,3,4	29.6			
1037	10.0	10.0	10.0	1788,239,5,2	29.4			
1038	14.0	13.0	14.0	1180,129,5,2	29.4			
1039	16.0	15.0	16.0	663,31,6,2	29.4			
1040	77.0	77.0	77.0	1258,775,4,3	29.4			
1041	88.0	88.0	92.0	1733,569,4,6	29.4			
1042	94.0	94.0	94.0	490,877,2,4	29.4			
1043	12.0	12.0	12.0	760,876,4,3	29.3			
1044	14.0	14.0	14.0	1481,1057,2,4	29.3			
1045	93.0	93.0	93.0	1374,75,3,4	29.3			
1046	6.0	6.0	6.0	1009,1045,4,6	29.2			
1047	41.0	41.0	41.0	281,725,4,4	29.0			
1048	16.0	16.0	16.0	417,9,4,2	28.9			
1049	11.0	11.0	11.0	1459,17,4,2	28.8			
1050	36.0	36.0	36.0	1485,562,4,3	28.8			
1051	19.0	19.0	19.0	193,0,4,3	28.7			
1052	44.0	44.0	44.0	831,29,4,4	28.7			
1053	88.0	88.0	88.0	0,133,3,4	28.7			
1054	89.0	89.0	89.0	418,445,3,4	28.6			
1055	92.0	92.0	94.0	105,25,2,6	28.6			
1056	79.0	79.0	79.0	1877,201,2,4	28.4			
1057	126.0	126.0	126.0	1881,1073,2,7	28.4			
1058	10.0	10.0	10.0	1657,484,4,5	28.3			
1059	94.0	94.0	94.0	1825,1001,2,6	28.3			
1060	2.0	2.0	2.0	1767,649,4,3	28.2			
1061	44.0	44.0	44.0	124,311,5,4	28.2			
1062	93.0	93.0	93.0	1638,931,3,3	28.2			
1063	9.0	9.0	9.0	1825,1048,2,5	28.1			
1064	43.0	43.0	43.0	509,463,5,2	28.1			
1065	20.0	20.0	20.0	429,470,4,3	28.0			
1066	35.0	35.0	35.0	1013,126,4,5	28.0			
1067	87.0	87.0	91.0	177,1051,4,4	28.0			
1068	92.0	92.0	92.0	987,857,2,6	28.0			
1069	10.0	10.0	10.0	363,417,3,4	27.9			
1070	86.0	86.0	86.0	243,25,3,3	27.9			
1071	90.0	90.0	90.0	1109,465,2,4	27.9			
1072	56.0	53.0	56.0	897,445,4,2	27.6			
1073	82.0	82.0	82.0	785,69,3,4	27.4			
1074	117.0	117.0	117.0	1827,173,4,2	27.4			
1075	8.0	8.0	8.0	497,713,2,8	27.3			
1076	51.0	51.0	51.0	357,813,4,4	27.3			
1077	79.0	79.0	79.0	853,836,4,3	27.3			
1078	43.0	41.0	43.0	707,545,4,2	27.1			
1079	54.0	54.0	54.0	1123,300,3,3	27.1			
1080	8.0	8.0	8.0	1881,633,4,2	27.0			
1081	32.0	32.0	33.0	377,239,6,2	27.0			
1082	38.0	38.0	38.0	313,891,4,6	27.0			
1083	117.0	117.0	117.0	281,19,4,4	27.0			
1084	130.0	128.0	130.0	1756,692,4,2	26.9			
1085	32.0	32.0	32.0	1137,349,4,4	26.8			
1086	35.0	35.0	35.0	221,790,4,3	26.8			
1087	34.0	34.0	34.0	135,1047,8,2	26.7			
1088	46.0	46.0	46.0	323,483,6,2	26.7			
1089	10.0	10.0	10.0	193,1045,4,2	26.6			
1090	78.0	78.0	78.0	421,1075,4,2	26.6			
1091	32.0	32.0	32.0	1524,0,5,2	26.5			
1092	112.0	112.0	112.0	907,12,4,3	26.5			
1093	83.0	83.0	83.0	31,385,2,6	26.4			
1094	14.0	13.0	14.0	1337,294,4,5	26.3			
1095	51.0	51.0	51.0	733,567,2,4	26.3			
1096	129.0	129.0	129.0	49,267,4,4	26.3			
1097	136.0	136.0	136.0	1897,0,2,5	26.3			
1098	89.0	89.0	89.0	369,179,3,4	26.2			
1099	14.0	14.0	15.0	481,1030,4,3	26.1			
1100	80.0	80.0	80.0	1765,159,2,4	26.0			
1101	86.0	83.0	86.0	107,285,4,2	26.0			
1102	20.0	20.0	20.0	1811,105,6,2	25.9			
1103	40.0	40.0	40.0	815,137,4,2	25.9			
1104	1.0	1.0	1.0	263,945,4,4	25.7			
1105	34.0	34.0	34.0	153,231,2,4	25.7			
1106	51.0	51.0	51.0	95,43,4,4	25.7			
1107	5.0	5.0	5.0	81,1049,2,4	25.6			
1108	16.0	16.0	16.0	1891,813,4,4	25.6			
1109	92.0	92.0	92.0	1131,226,2,5	25.6			
1110	44.0	43.0	44.0	69,109,4,2	25.5			
1111	82.0	82.0	82.0	635,99,4,2	25.5			
1112	5.0	5.0	5.0	1305,395,4,2	25.4			
1113	29.0	29.0	29.0	1753,0,2,5	25.4			
1114	46.0	46.0	46.0	1883,433,2,8	25.4			
1115	84.0	84.0	85.0	853,497,4,2	25.4			
1116	12.0	11.0	12.0	941,193,4,2	25.1			
1117	14.0	14.0	14.0	972,265,5,2	24.9			
1118	24.0	24.0	24.0	133,627,4,2	24.9			
1119	34.0	34.0	34.0	429,489,4,2	24.9			
1120	51.0	51.0	51.0	667,477,2,4	24.9			
1121	7.0	7.0	7.0	1863,783,4,4	24.6			
1122	114.0	114.0	117.0	1051,477,4,2	24.5			
1123	120.0	118.0	120.0	577,474,2,5	24.5			
1124	42.0	42.0	42.0	999,36,2,4	24.4			
1125	40.0	40.0	43.0	1369,879,6,2	24.3			
1126	49.0	49.0	49.0	1491,495,4,2	24.3			
1127	51.0	51.0	51.0	947,617,4,4	24.3			
1128	94.0	94.0	94.0	630,877,3,4	24.3			
1129	3.0	3.0	3.0	1091,345,2,6	24.2			
1130	14.0	14.0	14.0	339,343,5,2	24.2			
1131	50.0	50.0	50.0	323,33,4,2	24.2			
1132	5.0	5.0	5.0	69,893,2,4	24.1			
1133	41.0	38.0	41.0	913,417,5,2	24.1			
1134	30.0	30.0	30.0	277,203,4,2	24.0			
1135	51.0	51.0	51.0	973,1043,2,6	24.0			
1136	53.0	53.0	53.0	1305,326,2,5	24.0			
1137	55.0	55.0	55.0	1613,84,3,2	24.0			
1138	51.0	51.0	51.0	569,17,2,6	23.9			
1139	118.0	118.0	118.0	237,337,4,2	23.9			
1140	10.0	10.0	10.0	451,339,5,2	23.8			
1141	51.0	51.0	51.0	641,565,2,4	23.8			
1142	132.0	132.0	132.0	1897,1055,2,4	23.8			
1143	51.0	51.0	51.0	1301,943,4,4	23.7			
1144	40.0	40.0	40.0	44,51,3,4	23.5			
1145	30.0	30.0	30.0	1235,91,4,2	23.3			
1146	1.0	1.0	1.0	85,119,4,2	23.2			
1147	41.0	39.0	41.0	22,417,3,4	23.2			
1148	54.0	54.0	54.0	1791,579,2,8	23.2			
1149	11.0	11.0	11.0	1800,734,3,3	23.0			
1150	50.0	50.0	50.0	233,125,2,4	22.9			
1151	5.0	5.0	5.0	5,773,6,2	22.8			
1152	6.0	6.0	6.0	805,979,2,6	22.8			
1153	32.0	29.0	32.0	966,623,3,2	22.8			
1154	36.0	36.0	36.0	1401,315,4,2	22.8			
1155	42.0	42.0	42.0	907,399,6,2	22.8			
1156	44.0	44.0	44.0	689,57,4,2	22.8			
1157	87.0	87.0	87.0	107,275,4,4	22.8			
1158	87.0	87.0	89.0	493,213,4,4	22.8			
1159	82.0	82.0	82.0	1097,95,4,2	22.6			
1160	94.0	94.0	94.0	293,769,4,2	22.6			
1161	50.0	50.0	50.0	1891,663,4,4	22.5			
1162	6.0	6.0	8.0	1701,481,6,2	22.4			
1163	44.0	40.0	44.0	993,413,4,2	22.4			
1164	92.0	92.0	92.0	749,143,4,2	22.4			
1165	114.0	114.0	114.0	21,9,4,2	22.4			
1166	52.0	52.0	52.0	1319,17,2,3	22.3			
1167	9.0	7.0	9.0	881,141,4,2	22.1			
1168	15.0	15.0	15.0	53,965,3,4	22.1			
1169	6.0	6.0	6.0	343,853,4,4	22.0			
1170	40.0	40.0	40.0	863,503,4,4	22.0			
1171	117.0	117.0	117.0	91,633,4,4	22.0			
1172	31.0	31.0	31.0	1753,89,3,2	21.8			
1173	80.0	80.0	80.0	921,445,4,2	21.8			
1174	93.0	93.0	93.0	893,57,4,2	21.8			
1175	35.0	35.0	35.0	353,401,4,2	21.7			
1176	113.0	113.0	117.0	561,489,3,3	21.7			
1177	1.0	1.0	3.0	1843,607,4,4	21.6			
1178	36.0	36.0	36.0	1291,285,2,4	21.6			
1179	43.0	43.0	43.0	1305,406,4,3	21.6			
1180	79.0	79.0	79.0	249,833,2,4	21.6			
1181	15.0	15.0	15.0	1341,83,4,2	21.5			
1182	85.0	85.0	85.0	217,731,2,4	21.5			
1183	36.0	36.0	36.0	483,359,4,2	21.4			
1184	14.0	14.0	15.0	1035,221,4,2	21.3			
1185	40.0	40.0	40.0	973,347,4,2	21.3			
1186	4.0	4.0	4.0	1033,897,4,2	21.1			
1187	7.0	7.0	7.0	1759,509,2,4	21.1			
1188	36.0	36.0	36.0	1370,563,4,2	21.1			
1189	45.0	45.0	45.0	147,743,4,2	21.1			
1190	49.0	49.0	49.0	815,179,2,4	21.1			
1191	49.0	49.0	49.0	785,549,2,4	21.1			
1192	55.0	55.0	55.0	1035,153,6,2	21.1			
1193	93.0	93.0	93.0	1729,733,2,4	21.1			
1194	133.0	133.0	133.0	17,37,2,4	21.1			
1195	14.0	14.0	14.0	1735,717,2,4	21.0			
1196	35.0	35.0	35.0	519,141,2,4	21.0			
1197	45.0	44.0	45.0	509,681,4,2	21.0			
1198	43.0	43.0	43.0	657,351,4,4	20.9			
1199	52.0	52.0	52.0	1091,93,4,2	20.8			
1200	11.0	11.0	11.0	1287,822,3,3	20.7			
1201	134.0	134.0	134.0	0,91,2,3	20.7			
1202	3.0	3.0	3.0	1337,0,2,3	20.6			
1203	53.0	53.0	53.0	1449,183,2,3	20.6			
1204	55.0	55.0	55.0	1041,705,4,6	20.6			
1205	116.0	116.0	116.0	181,0,2,3	20.6			
1206	134.0	134.0	134.0	37,785,4,2	20.6			
1207	49.0	49.0	49.0	693,1009,3,2	20.5			
1208	116.0	116.0	116.0	1699,645,2,4	20.5			
1209	130.0	130.0	130.0	1892,716,3,2	20.5			
1210	15.0	15.0	15.0	103,201,2,4	20.3			
1211	84.0	84.0	84.0	710,542,3,3	20.3			
1212	91.0	91.0	91.0	243,961,2,4	20.3			
1213	24.0	24.0	24.0	151,1014,2,3	20.2			
1214	134.0	134.0	134.0	1599,680,2,3	20.2			
1215	6.0	6.0	6.0	703,157,2,3	20.0			
1216	32.0	32.0	32.0	1853,1018,2,5	20.0			
1217	50.0	50.0	50.0	199,181,3,2	20.0			
1218	40.0	40.0	40.0	461,97,4,2	19.9			
1219	116.0	116.0	116.0	0,87,5,2	19.9			
1220	40.0	40.0	40.0	597,77,3,2	19.8			
1221	50.0	50.0	50.0	219,31,3,2	19.8			
1222	120.0	120.0	120.0	421,333,3,2	19.8			
1223	40.0	40.0	40.0	325,53,3,2	19.7			
1224	84.0	84.0	84.0	246,71,3,2	19.7			
1225	137.0	137.0	137.0	1807,171,2,4	19.6			
1226	36.0	36.0	36.0	305,75,3,2	19.4			
1227	80.0	79.0	80.0	1877,0,2,3	19.4			
1228	9.0	9.0	9.0	595,309,4,2	19.3			
1229	55.0	55.0	55.0	1873,60,2,3	19.2			
1230	1.0	1.0	1.0	987,123,4,2	19.1			
1231	45.0	45.0	45.0	1735,113,2,4	19.1			
1232	49.0	49.0	49.0	809,249,2,3	19.1			
1233	80.0	80.0	80.0	425,609,3,2	19.1			
1234	87.0	87.0	87.0	1043,793,3,2	19.1			
1235	136.0	136.0	136.0	877,629,2,4	19.1			
1236	136.0	136.0	136.0	1425,533,4,4	19.0			
1237	30.0	30.0	30.0	135,455,2,4	18.9			
1238	38.0	38.0	38.0	169,1057,2,4	18.9			
1239	54.0	54.0	54.0	1788,155,3,2	18.9			
1240	79.0	79.0	79.0	1789,234,2,3	18.9			
1241	1.0	1.0	1.0	827,207,3,2	18.8			
1242	11.0	11.0	11.0	983,417,2,4	18.8			
1243	85.0	85.0	85.0	1409,825,4,2	18.8			
1244	130.0	130.0	130.0	15,98,2,5	18.8			
1245	130.0	130.0	130.0	129,117,3,4	18.8			
1246	9.0	9.0	9.0	1694,788,2,4	18.7			
1247	89.0	89.0	89.0	1623,429,2,4	18.7			
1248	24.0	24.0	24.0	1435,861,3,2	18.6			
1249	37.0	37.0	37.0	1389,385,2,3	18.6			
1250	45.0	45.0	45.0	697,267,4,2	18.6			
1251	32.0	30.0	32.0	1033,745,4,4	18.5			
1252	11.0	11.0	11.0	829,457,4,2	18.4			
1253	45.0	45.0	45.0	185,91,3,2	18.4			
1254	94.0	94.0	94.0	439,477,2,3	18.4			
1255	30.0	30.0	30.0	1449,841,3,4	18.3			
1256	45.0	45.0	45.0	198,671,3,2	18.3			
1257	131.0	131.0	131.0	45,41,2,4	18.3			
1258	5.0	5.0	5.0	663,12,2,3	18.2			
1259	79.0	79.0	79.0	205,177,2,3	18.2			
1260	123.0	123.0	123.0	621,281,3,2	18.2			
1261	15.0	11.0	15.0	731,935,2,3	18.1			
1262	43.0	43.0	43.0	1247,455,4,2	18.1			
1263	45.0	45.0	45.0	1737,363,2,3	18.1			
1264	123.0	123.0	123.0	1901,965,4,2	18.1			
1265	137.0	137.0	137.0	1331,129,4,2	18.1			
1266	137.0	137.0	137.0	961,293,2,8	18.1			
1267	36.0	36.0	36.0	1879,657,2,4	17.9			
1268	129.0	129.0	129.0	1797,35,2,4	17.8			
1269	12.0	12.0	12.0	343,87,2,4	17.7			
1270	94.0	94.0	94.0	1881,731,4,2	17.7			
1271	136.0	136.0	136.0	1139,667,3,2	17.6			
1272	44.0	44.0	44.0	281,229,3,2	17.5			
1273	45.0	45.0	45.0	665,79,3,2	17.5			
1274	115.0	115.0	115.0	1350,561,3,2	17.5			
1275	130.0	130.0	130.0	1915,1035,5,2	17.5			
1276	131.0	131.0	131.0	1689,696,4,5	17.5			
1277	50.0	50.0	50.0	233,249,4,2	17.4			
1278	6.0	6.0	6.0	139,1073,2,7	17.3			
1279	8.0	8.0	8.0	1908,837,3,2	17.3			
1280	32.0	32.0	32.0	1599,73,2,3	17.3			
1281	52.0	52.0	52.0	1067,865,4,2	17.3			
1282	37.0	37.0	37.0	1557,103,2,3	17.2			
1283	39.0	39.0	39.0	785,913,2,6	17.0			
1284	55.0	55.0	55.0	249,677,5,2	17.0			
1285	115.0	115.0	115.0	1759,125,3,2	17.0			
1286	14.0	14.0	14.0	1307,103,3,2	16.9			
1287	43.0	43.0	43.0	1405,841,2,3	16.8			
1288	49.0	49.0	49.0	121,767,4,2	16.7			
1289	84.0	84.0	84.0	1621,801,4,2	16.7			
1290	90.0	90.0	90.0	249,49,4,2	16.7			
1291	4.0	4.0	4.0	609,324,2,3	16.6			
1292	49.0	49.0	49.0	429,599,4,2	16.5			
1293	11.0	11.0	11.0	1757,257,2,3	16.3			
1294	50.0	50.0	50.0	767,873,2,3	16.1			
1295	53.0	53.0	53.0	1161,177,2,4	16.1			
1296	86.0	86.0	89.0	544,993,3,2	16.1			
1297	116.0	116.0	117.0	1063,281,2,4	16.1			
1298	49.0	49.0	49.0	157,381,2,3	16.0			
1299	92.0	92.0	92.0	1917,731,3,2	16.0			
1300	8.0	8.0	8.0	1024,1065,5,2	15.9			
1301	42.0	42.0	42.0	417,667,4,2	15.9			
1302	130.0	130.0	130.0	41,377,8,2	15.9			
1303	35.0	35.0	35.0	1883,715,4,4	15.8			
1304	39.0	39.0	39.0	861,961,4,2	15.8			
1305	83.0	83.0	83.0	41,593,2,3	15.8			
1306	43.0	43.0	43.0	650,469,3,2	15.7			
1307	14.0	14.0	14.0	145,275,3,2	15.5			
1308	30.0	30.0	30.0	16,999,3,2	15.5			
1309	35.0	35.0	35.0	1821,835,4,2	15.4			
1310	55.0	55.0	55.0	1259,967,2,4	15.4			
1311	83.0	83.0	83.0	469,327,4,2	15.3			
1312	92.0	92.0	92.0	1599,351,3,2	15.3			
1313	127.0	127.0	127.0	1345,951,3,2	15.3			
1314	3.0	3.0	3.0	361,801,2,4	15.2			
1315	12.0	12.0	12.0	1028,786,2,3	15.2			
1316	89.0	89.0	89.0	597,1058,2,3	15.2			
1317	40.0	40.0	40.0	825,325,4,4	15.1			
1318	40.0	40.0	40.0	13,853,4,2	15.0			
1319	44.0	44.0	44.0	328,935,3,2	15.0			
1320	118.0	118.0	118.0	13,1049,4,2	15.0			
1321	14.0	14.0	14.0	1202,565,3,2	14.9			
1322	6.0	6.0	6.0	1425,823,4,2	14.8			
1323	11.0	11.0	11.0	279,250,2,3	14.8			
1324	137.0	137.0	137.0	537,69,2,4	14.8			
1325	137.0	137.0	137.0	1365,273,2,4	14.8			
1326	137.0	137.0	137.0	1313,413,2,4	14.8			
1327	35.0	35.0	35.0	1013,685,2,4	14.7			
1328	116.0	116.0	116.0	1091,119,2,3	14.7			
1329	6.0	6.0	6.0	1509,825,4,4	14.6			
1330	6.0	6.0	6.0	107,913,2,4	14.6			
1331	6.0	6.0	6.0	197,953,2,4	14.6			
1332	3.0	3.0	3.0	905,885,2,4	14.5			
1333	11.0	11.0	11.0	689,723,2,3	14.5			
1334	93.0	93.0	93.0	1487,182,2,3	14.5			
1335	132.0	132.0	132.0	1914,893,3,2	14.5			
1336	134.0	134.0	134.0	1401,73,4,2	14.5			
1337	6.0	6.0	6.0	1615,675,2,4	14.4			
1338	6.0	6.0	8.0	1677,719,4,2	14.4			
1339	28.0	28.0	28.0	1041,531,4,2	14.4			
1340	28.0	28.0	28.0	1621,837,2,4	14.4			
1341	116.0	116.0	116.0	1903,1077,2,3	14.4			
1342	120.0	120.0	120.0	0,835,2,3	14.4			
1343	42.0	42.0	42.0	243,401,4,2	14.3			
1344	42.0	42.0	42.0	277,497,4,2	14.3			
1345	53.0	53.0	53.0	1151,297,2,3	14.3			
1346	3.0	3.0	3.0	889,253,2,4	14.2			
1347	3.0	3.0	3.0	1621,375,4,2	14.2			
1348	3.0	3.0	3.0	1411,961,4,4	14.2			
1349	3.0	3.0	3.0	309,1037,4,2	14.2			
1350	3.0	3.0	3.0	1507,1037,2,4	14.2			
1351	6.0	6.0	6.0	1619,1073,2,4	14.2			
1352	8.0	8.0	8.0	1429,817,4,2	14.1			
1353	55.0	55.0	55.0	1279,519,2,3	14.1			
1354	134.0	134.0	134.0	55,0,2,3	14.0			
1355	29.0	29.0	29.0	1617,679,3,2	13.9			
1356	42.0	42.0	42.0	337,903,2,4	13.9			
1357	42.0	42.0	42.0	275,973,4,2	13.9			
1358	55.0	55.0	55.0	1357,1073,4,2	13.8			
1359	7.0	7.0	7.0	1716,246,3,2	13.4			
1360	43.0	43.0	43.0	165,367,4,2	13.4			
1361	38.0	38.0	38.0	324,791,3,2	12.8			
1362	12.0	12.0	12.0	1174,631,3,2	12.6			
1363	39.0	39.0	39.0	307,635,4,2	12.6			
1364	39.0	39.0	39.0	97,851,2,4	12.6			
1365	119.0	119.0	119.0	349,645,4,4	12.5			
1366	8.0	8.0	8.0	163,899,6,2	12.3			
1367	8.0	8.0	8.0	1497,639,4,2	12.0			
1368	8.0	8.0	8.0	1781,791,4,2	12.0			
1369	8.0	8.0	8.0	157,837,4,4	12.0			
1370	54.0	54.0	54.0	1425,6,2,3	11.7			
1371	31.0	31.0	31.0	1746,1055,3,2	11.5			
1372	132.0	132.0	132.0	35,257,2,3	10.7			
1373	118.0	118.0	118.0	1913,1051,3,2	9.9			
1374	130.0	130.0	130.0	735,954,2,3	9.6			
