photo	lat	lon	alt	dist_m	drone_lat	drone_lon	drone_alt	gb_yaw	gb_pitch	dem_alt	dem_minus_lrf
data/drive/2026-08-16/DJI_202608161415_001/DJI_20260816143149_0002_W.JPG	39.4825539	73.5859167	4595.1	95.749	39.482883084	73.584900151	4609.188	112.7	-8.4	4620.8	+25.7
data/drive/2026-08-16/DJI_202608161415_001/DJI_20260816143149_0002_Z.JPG	39.4825539	73.5859167	4595.1	95.749	39.482883084	73.584900151	4609.188	112.7	-8.4	4620.8	+25.7
data/drive/2026-08-16/DJI_202608161415_001/DJI_20260816143150_0002_T.JPG	39.4825540	73.5859164	4595.2	95.723	39.482883081	73.584900107	4609.188	112.7	-8.4	4620.8	+25.6
data/drive/2026-08-16/DJI_202608161415_001/DJI_20260816143154_0003_T.JPG	39.4825552	73.5859145	4595.2	95.656	39.482884083	73.584898965	4609.191	112.7	-8.4	4620.6	+25.4
data/drive/2026-08-16/DJI_202608161415_001/DJI_20260816143154_0003_W.JPG	39.4825553	73.5859143	4595.2	95.621	39.482884059	73.584899076	4609.2	112.7	-8.4	4620.6	+25.4
data/drive/2026-08-16/DJI_202608161415_001/DJI_20260816143154_0003_Z.JPG	39.4825553	73.5859143	4595.2	95.621	39.482884059	73.584899076	4609.2	112.7	-8.4	4620.6	+25.4
data/drive/2026-08-16/DJI_202608161415_001/DJI_20260816143155_0004_W.JPG	39.4825552	73.5859144	4595.1	95.685	39.482884212	73.584898587	4609.168	112.7	-8.4	4620.6	+25.5
data/drive/2026-08-16/DJI_202608161415_001/DJI_20260816143155_0004_Z.JPG	39.4825552	73.5859144	4595.1	95.685	39.482884219	73.584898552	4609.168	112.7	-8.4	4620.6	+25.5
data/drive/2026-08-16/DJI_202608161415_001/DJI_20260816143156_0004_T.JPG	39.4825554	73.5859139	4595.1	95.651	39.482884269	73.584898418	4609.168	112.7	-8.4	4620.6	+25.5
data/drive/2026-08-16/DJI_202608161444_002/DJI_20260816150012_0002_SUPR/DJI_20260816150012_0000_W.JPG	39.4825326	73.5859382	4597.0	178.447	39.482977005	73.584051181	4652.192	106.6	-18.4	4622.4	+25.4
data/drive/2026-08-16/DJI_202608161444_002/DJI_20260816150012_0002_SUPR/DJI_20260816150013_0001_SUPR.JPG	39.4829102	73.5865653	4635.0	216.981	39.482969462	73.584049874	4653.175	91.7	-4.8	4646.0	+11.0
data/drive/2026-08-16/DJI_202608161444_002/DJI_20260816150012_0002_SUPR/DJI_20260816150014_0002_SUPR.JPG	39.4827013	73.5864787	4635.4	211.578	39.482969641	73.584049494	4653.106	98.1	-4.8	4644.2	+8.8
data/drive/2026-08-16/DJI_202608161444_002/DJI_20260816150012_0002_SUPR/DJI_20260816150015_0003_SUPR.JPG	39.4825006	73.5864073	4635.8	209.912	39.482969799	73.584049393	4653.016	104.5	-4.7	4644.8	+9.0
data/drive/2026-08-16/DJI_202608161444_002/DJI_20260816150012_0002_SUPR/DJI_20260816150016_0004_SUPR.JPG	39.4822941	73.5863607	4635.7	213.097	39.482970012	73.584049116	4653.132	110.7	-4.7	4651.1	+15.4
data/drive/2026-08-16/DJI_202608161444_002/DJI_20260816150012_0002_SUPR/DJI_20260816150018_0005_SUPR.JPG	39.4820961	73.5862572	4635.7	213.94	39.482970036	73.584048993	4653.188	117.1	-4.7	4654.9	+19.2
data/drive/2026-08-16/DJI_202608161444_002/DJI_20260816150012_0002_SUPR/DJI_20260816150019_0006_SUPR.JPG	39.4818965	73.5861544	4635.8	217.499	39.482969972	73.584048959	4653.21	123.4	-4.6	4658.4	+22.6
data/drive/2026-08-16/DJI_202608161444_002/DJI_20260816150012_0002_SUPR/DJI_20260816150020_0007_SUPR.JPG	39.4819761	73.5859763	4622.0	201.56	39.482969946	73.584049128	4653.23	123.7	-8.9	4647.1	+25.1
data/drive/2026-08-16/DJI_202608161444_002/DJI_20260816150012_0002_SUPR/DJI_20260816150021_0008_SUPR.JPG	39.4821569	73.5860861	4622.4	199.422	39.482969974	73.584049233	4653.252	117.3	-8.9	4643.6	+21.2
data/drive/2026-08-16/DJI_202608161444_002/DJI_20260816150012_0002_SUPR/DJI_20260816150022_0009_SUPR.JPG	39.4823403	73.5861802	4622.2	198.504	39.482969964	73.584049065	4653.208	110.9	-9.0	4639.9	+17.7
data/drive/2026-08-16/DJI_202608161444_002/DJI_20260816150012_0002_SUPR/DJI_20260816150023_0010_SUPR.JPG	39.4825326	73.5862325	4622.5	196.238	39.482969953	73.584048902	4653.187	104.5	-9.0	4634.5	+12.0
data/drive/2026-08-16/DJI_202608161444_002/DJI_20260816150012_0002_SUPR/DJI_20260816150024_0011_SUPR.JPG	39.4827180	73.5863274	4621.5	200.332	39.482969847	73.584048305	4653.144	98.1	-9.1	4633.9	+12.4
data/drive/2026-08-16/DJI_202608161444_002/DJI_20260816150012_0002_SUPR/DJI_20260816150025_0012_SUPR.JPG	39.4829142	73.5864000	4620.6	204.761	39.482969558	73.584047797	4653.006	91.7	-9.1	4634.5	+13.9
data/drive/2026-08-16/DJI_202608161444_002/DJI_20260816150012_0002_SUPR/DJI_20260816150027_0013_SUPR.JPG	39.4829191	73.5861983	4608.7	190.15	39.48296972	73.584047331	4653.07	91.7	-13.5	4620.9	+12.2
data/drive/2026-08-16/DJI_202608161444_002/DJI_20260816150012_0002_SUPR/DJI_20260816150028_0014_SUPR.JPG	39.4827330	73.5861642	4609.4	188.95	39.482969801	73.584046981	4653.217	98.2	-13.4	4623.9	+14.5
data/drive/2026-08-16/DJI_202608161444_002/DJI_20260816150012_0002_SUPR/DJI_20260816150029_0015_SUPR.JPG	39.4825449	73.5861380	4609.4	190.899	39.482969762	73.584046937	4653.312	104.7	-13.3	4629.2	+19.8
data/drive/2026-08-16/DJI_202608161444_002/DJI_20260816150012_0002_SUPR/DJI_20260816150030_0016_SUPR.JPG	39.4823728	73.5860351	4610.2	188.277	39.482969611	73.584046685	4653.235	111.2	-13.2	4632.6	+22.4
data/drive/2026-08-16/DJI_202608161444_002/DJI_20260816150012_0002_SUPR/DJI_20260816150031_0017_SUPR.JPG	39.4822019	73.5859363	4610.1	188.464	39.482969297	73.584046327	4653.164	117.7	-13.2	4637.3	+27.2
data/drive/2026-08-16/DJI_202608161444_002/DJI_20260816150012_0002_SUPR/DJI_20260816150032_0018_SUPR.JPG	39.4820262	73.5858426	4609.7	191.649	39.48296912	73.584046104	4653.13	124.2	-13.1	4640.3	+30.6
data/drive/2026-08-16/DJI_202608161444_002/DJI_20260816150012_0002_SUPR/DJI_20260816150033_0019_SUPR.JPG	39.4820829	73.5856886	4599.5	180.35	39.482968993	73.584045882	4653.169	124.9	-17.3	4634.2	+34.7
data/drive/2026-08-16/DJI_202608161444_002/DJI_20260816150012_0002_SUPR/DJI_20260816150035_0020_SUPR.JPG	39.4822334	73.5858158	4599.1	181.003	39.482969104	73.584045947	4653.198	118.3	-17.4	4632.6	+33.5
data/drive/2026-08-16/DJI_202608161444_002/DJI_20260816150012_0002_SUPR/DJI_20260816150036_0021_SUPR.JPG	39.4824049	73.5858878	4599.5	178.512	39.482969019	73.58404599	4653.139	111.6	-17.5	4626.6	+27.1
data/drive/2026-08-16/DJI_202608161444_002/DJI_20260816150012_0002_SUPR/DJI_20260816150037_0022_SUPR.JPG	39.4825637	73.5860002	4598.0	182.376	39.482968703	73.584046128	4653.097	105.0	-17.6	4623.2	+25.2
data/drive/2026-08-16/DJI_202608161444_002/DJI_20260816150012_0002_SUPR/DJI_20260816150038_0023_SUPR.JPG	39.4827414	73.5860250	4598.2	180.422	39.482968263	73.584046145	4653.1	98.4	-17.7	4589.9	-8.3
data/drive/2026-08-16/DJI_202608161444_002/DJI_20260816150012_0002_SUPR/DJI_20260816150039_0024_SUPR.JPG	39.4829197	73.5860858	4596.9	184.156	39.482967728	73.584046006	4653.148	91.7	-17.8	4603.5	+6.6
data/drive/2026-08-16/DJI_202608161444_002/DJI_20260816150012_0002_SUPR/DJI_20260816150040_0025_SUPR.JPG	39.4829210	73.5860223	4583.9	183.467	39.48296748	73.584046114	4653.204	91.7	-22.2	4584.4	+0.5
data/drive/2026-08-16/DJI_202608161444_002/DJI_20260816150012_0002_SUPR/DJI_20260816150041_0026_SUPR.JPG	39.4827513	73.5859115	4587.7	174.796	39.48296773	73.584046179	4653.196	98.5	-22.0	4565.3	-22.4
data/drive/2026-08-16/DJI_202608161444_002/DJI_20260816150012_0002_SUPR/DJI_20260816150042_0027_SUPR.JPG	39.4825824	73.5858527	4588.4	173.571	39.482967778	73.584046024	4653.154	105.4	-21.9	4617.3	+28.9
data/drive/2026-08-16/DJI_202608161444_002/DJI_20260816150012_0002_SUPR/DJI_20260816150043_0028_SUPR.JPG	39.4824213	73.5857765	4588.8	173.011	39.482967667	73.584046003	4653.101	112.2	-21.8	4622.8	+34.0
data/drive/2026-08-16/DJI_202608161444_002/DJI_20260816150012_0002_SUPR/DJI_20260816150044_0029_SUPR.JPG	39.4822584	73.5856996	4588.7	174.816	39.482967351	73.584045736	4653.074	119.0	-21.6	4628.2	+39.5
data/drive/2026-08-16/DJI_202608161444_002/DJI_20260816150012_0002_SUPR/DJI_20260816150045_0030_SUPR.JPG	39.4821041	73.5855933	4588.5	176.321	39.482967149	73.584045622	4653.105	125.8	-21.5	4630.9	+42.4
data/drive/2026-08-16/DJI_202608161444_002/DJI_20260816150012_0002_SUPR/DJI_20260816150046_0031_SUPR.JPG	39.4821559	73.5854419	4580.9	166.663	39.482967241	73.584045379	4653.179	127.0	-25.7	4622.1	+41.2
data/drive/2026-08-16/DJI_202608161444_002/DJI_20260816150012_0002_SUPR/DJI_20260816150048_0032_SUPR.JPG	39.4822977	73.5855512	4581.0	165.851	39.48296729	73.584045251	4653.208	119.9	-25.8	4622.4	+41.4
data/drive/2026-08-16/DJI_202608161444_002/DJI_20260816150012_0002_SUPR/DJI_20260816150049_0033_SUPR.JPG	39.4824436	73.5856460	4580.2	166.209	39.482967162	73.584045106	4653.093	113.0	-26.0	4618.6	+38.4
data/drive/2026-08-16/DJI_202608161444_002/DJI_20260816150012_0002_SUPR/DJI_20260816150050_0034_SUPR.JPG	39.4825999	73.5857195	4579.5	166.694	39.482966739	73.584044838	4653.049	105.8	-26.2	4607.3	+27.8
data/drive/2026-08-16/DJI_202608161444_002/DJI_20260816150012_0002_SUPR/DJI_20260816150051_0035_SUPR.JPG	39.4827528	73.5858230	4576.3	172.615	39.482966384	73.584044862	4653.02	98.8	-26.4	4561.8	-14.5
data/drive/2026-08-16/DJI_202608161444_002/DJI_20260816150012_0002_SUPR/DJI_20260816150052_0036_SUPR.JPG	39.4829219	73.5859191	4572.7	180.035	39.482966047	73.584044719	4653.019	91.7	-26.5	4561.5	-11.2
data/drive/2026-08-16/DJI_202608161444_002/DJI_20260816150012_0002_SUPR/DJI_20260816150053_0037_SUPR.JPG	39.4829243	73.5858214	4561.7	177.992	39.482966075	73.584044625	4653.135	91.7	-30.9	4555.6	-6.1
data/drive/2026-08-16/DJI_202608161444_002/DJI_20260816150012_0002_SUPR/DJI_20260816150054_0038_SUPR.JPG	39.4827609	73.5856965	4567.9	167.204	39.482966202	73.584044471	4653.22	99.1	-30.7	4557.7	-10.2
data/drive/2026-08-16/DJI_202608161444_002/DJI_20260816150012_0002_SUPR/DJI_20260816150055_0039_SUPR.JPG	39.4826142	73.5855893	4571.7	160.625	39.482966154	73.584044415	4653.204	106.4	-30.5	4597.8	+26.1
data/drive/2026-08-16/DJI_202608161444_002/DJI_20260816150012_0002_SUPR/DJI_20260816150056_0040_SUPR.JPG	39.4824672	73.5855113	4572.6	159.524	39.482966095	73.584044372	4653.106	113.8	-30.3	4613.4	+40.8
data/drive/2026-08-16/DJI_202608161444_002/DJI_20260816150012_0002_SUPR/DJI_20260816150058_0041_SUPR.JPG	39.4823245	73.5854196	4573.0	159.61	39.482966121	73.584044095	4653.033	121.1	-30.1	4614.2	+41.2
data/drive/2026-08-16/DJI_202608161444_002/DJI_20260816150012_0002_SUPR/DJI_20260816150059_0042_SUPR.JPG	39.4821863	73.5853168	4572.8	161.057	39.48296622	73.584044095	4653.083	128.4	-29.9	4613.8	+41.0
data/drive/2026-08-16/polanski/DJI_20260816115701_0018_Z.JPG	39.4825255	73.5859398	4597.4	86.895	39.48276199	73.584980495	4589.37	107.7	5.3	4622.8	+25.4
data/drive/2026-08-16/polanski/DJI_20260816115716_0019_Z.JPG	39.4825472	73.5859260	4595.4	84.9	39.482761878	73.584980318	4589.424	106.4	4.0	4621.4	+26.0
data/drive/2026-08-16/polanski/DJI_20260816115717_0020_Z.JPG	39.4825472	73.5859256	4595.4	84.866	39.482761816	73.58498033	4589.432	106.4	4.0	4621.4	+26.0
data/drive/2026-08-16/polanski/DJI_20260816115726_0021_Z.JPG	39.4825475	73.5859265	4595.4	84.871	39.482762049	73.584981122	4589.417	106.4	4.0	4621.4	+26.0
data/drive/2026-08-16/polanski/DJI_20260816115729_0022_Z.JPG	39.4825483	73.5859263	4595.3	84.816	39.482762715	73.584981549	4589.376	106.4	4.0	4621.3	+26.0
data/drive/2026-08-16/polanski/DJI_20260816115737_0023_Z.JPG	39.4825278	73.5859311	4596.8	86.104	39.482764753	73.584981026	4589.388	107.9	4.9	4622.4	+25.6
data/drive/2026-08-16/polanski/DJI_20260816115738_0024_Z.JPG	39.4825278	73.5859317	4596.8	86.19	39.482765014	73.584980645	4589.379	107.9	4.9	4622.4	+25.6
data/drive/2026-08-16/polanski/DJI_20260816115754_0025_Z.JPG	39.4825228	73.5859435	4597.4	87.214	39.482765654	73.584982867	4589.399	108.2	5.2	4623.0	+25.6
data/drive/2026-08-16/polanski/DJI_20260816115807_0026_Z.JPG	39.4825204	73.5859437	4597.3	87.358	39.482765047	73.584982071	4589.361	108.3	5.2	4623.1	+25.8
data/drive/2026-08-16/polanski/DJI_20260816115810_0027_Z.JPG	39.4825197	73.5859450	4597.4	87.478	39.482764922	73.584982111	4589.384	108.2	5.2	4623.2	+25.8
