clip	track	t_best	сигнатура	расстояние	bbox
heli14-C0011	354	93.0	стакан-марка-красная	0.125	122,1011,3,5
heli14-C0011	367	91.0	стакан-марка-красная	0.824	203,1057,2,8
heli14-C0012	160	291.0	стакан-марка-красная	0.575	1431,223,48,14
heli14-C0012	170	289.0	стакан-марка-красная	0.874	261,85,19,30
heli14-C0012	183	291.0	стакан-марка-красная	0.796	1512,425,13,18
heli14-C0012	207	288.0	стакан-марка-красная	0.874	0,128,21,33
heli14-C0012	220	31.0	стакан-марка-красная	0.786	1819,801,19,12
heli14-C0012	242	31.0	стакан-марка-красная	0.801	1818,1009,13,18
heli14-C0012	274	303.0	стакан-марка-красная	0.633	183,105,14,12
saykal-C0002	176	30.0	палка-древко-контроль	0.975	507,89,6,6
saykal-C0004	178	292.0	стакан-марка-красная	0.793	1595,651,79,46
saykal-C0004	222	393.0	стакан-марка-красная	0.769	1523,363,33,70
saykal-C0004	284	291.0	стакан-марка-красная	0.751	1627,649,29,51
saykal-C0004	291	177.0	палка-древко-контроль	0.781	26,363,31,26
saykal-C0004	319	393.0	стакан-марка-красная	0.486	1546,255,29,24
saykal-C0004	347	164.0	палка-древко-контроль	0.570	22,307,40,22
saykal-C0004	422	393.0	стакан-марка-красная	0.729	475,685,22,66
saykal-C0004	423	171.0	палка-древко-контроль	0.615	137,39,56,16
saykal-C0004	431	323.0	стакан-марка-красная	0.911	536,183,41,42
saykal-C0004	449	392.0	стакан-марка-красная	0.633	905,353,85,8
saykal-C0004	451	136.0	палка-древко-контроль	0.886	0,822,21,21
saykal-C0004	452	245.0	палка-древко-контроль	0.891	59,651,16,20
saykal-C0004	477	255.0	палка-древко-контроль	0.763	1859,307,40,22
saykal-C0004	481	173.0	палка-древко-контроль	0.943	9,267,18,26
saykal-C0004	500	176.0	палка-древко-контроль	0.864	75,471,28,22
saykal-C0004	588	173.0	палка-древко-контроль	0.813	353,5,24,18
saykal-C0004	589	323.0	стакан-марка-красная	0.981	1177,289,42,24
saykal-C0004	612	250.0	стакан-марка-красная	0.952	467,1025,20,12
saykal-C0004	626	387.0	стакан-марка-красная	0.567	525,465,26,28
saykal-C0004	656	282.0	палка-древко-контроль	0.746	1701,243,18,15
saykal-C0004	682	171.0	палка-древко-контроль	0.519	203,0,38,9
saykal-C0004	688	285.0	стакан-марка-красная	0.805	1487,689,22,36
saykal-C0004	702	263.0	стакан-марка-красная	0.926	1853,0,40,21
saykal-C0004	720	176.0	палка-древко-контроль	0.751	309,583,18,16
saykal-C0004	786	176.0	палка-древко-контроль	0.965	403,129,14,16
saykal-C0004	796	406.0	стакан-марка-красная	0.597	579,19,33,17
saykal-C0004	828	177.0	палка-древко-контроль	0.852	265,502,16,15
saykal-C0004	849	245.0	палка-древко-контроль	0.549	79,161,16,16
saykal-C0004	882	253.0	стакан-марка-красная	0.775	1295,1047,14,12
saykal-C0004	885	410.0	стакан-марка-красная	0.866	1521,633,24,8
saykal-C0004	892	397.0	стакан-марка-красная	0.746	698,225,43,8
saykal-C0004	919	397.0	стакан-марка-красная	0.902	419,181,56,12
saykal-C0004	933	202.0	стакан-марка-красная	0.915	147,339,10,14
saykal-C0004	952	254.0	палка-древко-контроль	0.567	1867,401,10,20
saykal-C0004	992	251.0	палка-древко-контроль	0.364	917,451,13,12
saykal-C0004	1012	386.0	стакан-марка-красная	0.828	1067,13,24,12
saykal-C0004	1021	397.0	стакан-марка-красная	0.764	499,191,48,12
saykal-C0004	1031	168.0	палка-древко-контроль	0.796	185,233,16,10
saykal-C0004	1086	175.0	палка-древко-контроль	0.849	903,69,44,8
saykal-C0004	1087	394.0	стакан-марка-красная	0.717	1039,189,9,22
saykal-C0004	1089	81.0	палка-древко-контроль	0.329	91,147,12,12
saykal-C0004	1129	252.0	палка-древко-контроль	0.681	1089,205,14,8
saykal-C0004	1164	170.0	палка-древко-контроль	0.821	0,175,23,10
saykal-C0004	1180	175.0	стакан-марка-красная	0.655	59,893,14,8
saykal-C0004	1185	169.0	стакан-марка-красная	0.636	81,71,12,8
saykal-C0004	1209	170.0	палка-древко-контроль	0.734	315,241,10,12
saykal-C0004	1251	170.0	палка-древко-контроль	0.434	55,41,18,8
saykal-C0004	1271	292.0	стакан-марка-красная	0.916	1543,491,16,10
saykal-C0004	1280	81.0	палка-древко-контроль	0.592	749,319,6,14
saykal-C0004	1285	247.0	палка-древко-контроль	0.507	423,937,14,8
saykal-C0004	1326	180.0	палка-древко-контроль	0.926	457,191,6,12
saykal-C0004	1333	161.0	палка-древко-контроль	0.985	16,233,7,12
saykal-C0004	1341	247.0	палка-древко-контроль	0.509	221,111,16,12
saykal-C0004	1351	385.0	стакан-марка-красная	0.699	465,435,15,23
saykal-C0004	1412	328.0	палка-древко-контроль	0.763	15,0,18,7
saykal-C0004	1420	176.0	палка-древко-контроль	0.903	270,473,11,12
saykal-C0004	1439	219.0	палка-древко-контроль	0.751	629,287,6,14
saykal-C0004	1447	342.0	палка-древко-контроль	0.809	0,0,13,7
saykal-C0004	1500	267.0	палка-древко-контроль	0.498	967,41,19,6
saykal-C0004	1554	397.0	стакан-марка-красная	0.708	579,205,22,7
saykal-C0004	1571	396.0	стакан-марка-красная	0.503	721,33,12,8
saykal-C0004	1617	392.0	стакан-марка-красная	0.435	815,317,20,4
saykal-C0004	1632	230.0	палка-древко-контроль	0.915	463,273,6,12
saykal-C0004	1682	256.0	палка-древко-контроль	0.890	1759,700,10,13
saykal-C0004	1684	294.0	палка-древко-контроль	0.928	1677,358,12,12
saykal-C0004	1728	178.0	палка-древко-контроль	0.846	434,9,7,11
saykal-C0004	1793	328.0	палка-древко-контроль	0.731	79,0,14,7
saykal-C0004	1801	178.0	палка-древко-контроль	0.480	703,249,6,10
saykal-C0004	1814	179.0	палка-древко-контроль	0.500	738,351,7,10
saykal-C0004	1822	175.0	палка-древко-контроль	0.641	828,55,25,6
saykal-C0004	1851	409.0	стакан-марка-красная	0.572	685,109,14,8
saykal-C0004	1923	366.0	палка-древко-контроль	0.761	977,0,8,13
saykal-C0004	1983	243.0	палка-древко-контроль	0.559	459,319,4,8
saykal-C0004	2144	262.0	палка-ручка-контроль	0.376	1707,721,8,8
saykal-C0004	2238	245.0	палка-древко-контроль	0.290	633,395,4,8
saykal-C0004	2250	154.0	палка-древко-контроль	0.814	1913,649,7,9
saykal-C0004	2321	244.0	палка-древко-контроль	0.865	0,593,3,8
saykal-C0004	2358	409.0	стакан-марка-красная	0.784	622,11,7,6
saykal-C0004	2801	98.0	палка-древко-контроль	0.939	1225,238,6,5
saykal-C0004	2851	385.0	стакан-марка-красная	0.895	551,307,6,4
saykal-C0004	2960	353.0	палка-древко-контроль	0.830	634,14,6,3
saykal-C0004	2977	257.0	палка-древко-контроль	0.791	1791,485,2,8
saykal-C0004	3006	114.0	палка-древко-контроль	0.617	770,159,3,4
saykal-C0004	3010	332.0	палка-древко-контроль	0.847	21,0,5,4
saykal-C0004	3075	79.0	палка-древко-контроль	0.782	33,194,4,5
saykal-C0004	3157	337.0	палка-древко-контроль	0.903	253,9,3,4
saykal-C0004	3599	353.0	палка-древко-контроль	0.848	761,0,2,3
saykal-C0005	146	90.0	стакан-марка-красная	0.565	1031,477,32,30
saykal-C0005	157	37.0	палка-древко-контроль	0.587	279,163,106,12
saykal-C0005	215	20.0	палка-древко-контроль	0.991	441,43,68,6
saykal-C0005	237	38.0	палка-древко-контроль	0.994	5,631,34,26
saykal-C0005	256	101.0	палка-древко-контроль	0.760	540,153,57,18
saykal-C0005	257	19.0	палка-древко-контроль	0.858	447,57,58,6
saykal-C0005	259	42.0	палка-древко-контроль	0.760	345,213,60,10
saykal-C0005	277	26.0	палка-древко-контроль	0.733	659,31,46,8
saykal-C0005	279	28.0	палка-древко-контроль	0.855	293,14,56,7
saykal-C0005	286	22.0	палка-древко-контроль	0.774	88,69,41,18
saykal-C0005	288	137.0	палка-древко-контроль	0.963	1485,41,16,10
saykal-C0005	325	107.0	стакан-марка-красная	0.989	153,1025,11,30
saykal-C0005	337	88.0	стакан-марка-красная	0.565	1116,271,13,14
saykal-C0005	349	20.0	палка-древко-контроль	0.582	387,39,44,6
saykal-C0005	350	136.0	палка-древко-бирюзовое	0.791	1841,17,12,12
saykal-C0005	371	91.0	стакан-марка-красная	0.244	1011,539,14,16
saykal-C0005	376	107.0	стакан-марка-красная	0.954	20,1053,15,17
saykal-C0005	412	36.0	палка-древко-контроль	0.579	28,753,19,10
saykal-C0005	447	38.0	палка-древко-контроль	0.645	35,855,14,8
saykal-C0005	455	27.0	палка-древко-контроль	0.832	821,119,24,6
saykal-C0005	478	100.0	палка-древко-контроль	0.730	871,393,12,22
saykal-C0005	484	34.0	палка-древко-контроль	0.991	787,97,32,10
saykal-C0005	495	34.0	палка-древко-контроль	0.871	41,101,30,8
saykal-C0005	499	42.0	палка-древко-контроль	0.645	81,501,10,10
saykal-C0005	546	28.0	палка-древко-контроль	0.856	242,26,23,11
saykal-C0005	577	41.0	палка-древко-контроль	0.202	11,985,14,6
saykal-C0005	595	100.0	палка-древко-контроль	0.457	833,441,8,8
saykal-C0005	598	102.0	палка-древко-контроль	0.354	942,169,21,10
saykal-C0005	615	90.0	стакан-марка-красная	0.474	1155,431,8,11
saykal-C0005	629	28.0	палка-древко-контроль	0.644	833,142,16,5
saykal-C0005	679	102.0	палка-древко-бирюзовое	0.700	1336,47,9,6
saykal-C0005	694	102.0	палка-древко-контроль	0.839	1227,69,18,4
saykal-C0005	759	102.0	палка-древко-контроль	0.752	691,241,12,8
saykal-C0005	781	102.0	палка-древко-контроль	0.325	976,157,19,8
saykal-C0005	784	14.0	палка-древко-контроль	0.405	713,19,16,2
saykal-C0005	831	102.0	палка-древко-контроль	0.538	1725,35,14,2
saykal-C0005	832	16.0	палка-древко-контроль	0.928	673,0,8,3
saykal-C0005	878	104.0	палка-древко-контроль	0.451	1141,37,12,4
saykal-C0005	882	12.0	палка-древко-контроль	0.691	595,3,10,2
saykal-C0005	884	27.0	палка-древко-контроль	0.747	997,143,7,4
saykal-C0005	897	104.0	палка-древко-контроль	0.542	974,90,9,5
saykal-C0005	929	113.0	палка-древко-контроль	0.615	1568,111,11,2
saykal-C0005	991	65.0	палка-древко-контроль	0.997	24,11,3,4
saykal-C0005	1068	104.0	палка-древко-контроль	0.464	931,109,4,2
saykal-C0005	1086	11.0	палка-древко-контроль	0.644	815,0,2,3
saykal-C0006	160	109.0	стакан-марка-красная	0.534	1227,625,41,42
saykal-C0006	166	92.0	стакан-марка-красная	0.818	465,329,24,36
saykal-C0006	196	93.0	стакан-марка-красная	0.598	451,405,16,32
saykal-C0006	213	130.0	стакан-марка-красная	0.369	505,211,13,18
saykal-C0006	230	110.0	стакан-марка-красная	0.664	689,687,32,24
saykal-C0006	254	115.0	стакан-марка-красная	0.869	1359,151,26,18
saykal-C0006	312	205.0	стакан-марка-красная	0.900	190,921,19,22
saykal-C0006	324	2.0	стакан-марка-красная	0.898	37,851,14,32
saykal-C0006	327	2.0	стакан-марка-красная	0.538	11,355,14,26
saykal-C0006	385	112.0	стакан-марка-красная	0.664	1345,561,18,14
saykal-C0006	404	202.0	палка-древко-контроль	0.885	1249,375,28,12
saykal-C0006	422	205.0	стакан-марка-красная	0.854	28,902,21,11
saykal-C0006	428	194.0	стакан-марка-красная	0.907	857,85,24,10
saykal-C0006	445	131.0	стакан-марка-красная	0.749	215,521,12,12
saykal-C0006	522	106.0	стакан-марка-красная	0.510	794,635,11,19
saykal-C0006	614	113.0	стакан-марка-красная	0.748	1545,447,17,12
saykal-C0006	655	2.0	стакан-марка-красная	0.761	23,429,10,14
saykal-C0006	789	130.0	стакан-марка-красная	0.884	203,59,8,8
saykal-C0006	954	115.0	стакан-марка-красная	0.781	1551,152,9,11
saykal-C0006	983	206.0	стакан-марка-красная	0.682	443,663,12,10
saykal-C0006	1062	109.0	стакан-марка-красная	0.388	1385,655,12,6
saykal-C0006	1065	110.0	стакан-марка-красная	0.659	711,717,6,8
saykal-C0006	1067	86.0	палка-древко-контроль	0.761	945,0,13,7
saykal-C0006	1363	111.0	стакан-марка-красная	0.559	993,683,8,6
saykal-C0006	1477	80.0	стакан-марка-красная	0.948	1235,131,6,8
saykal-C0006	1479	86.0	палка-древко-контроль	0.685	989,0,6,3
saykal-C0006	1598	197.0	стакан-марка-красная	0.992	0,701,9,2
saykal-C0006	1609	196.0	стакан-марка-красная	0.632	623,92,6,3
saykal-C0006	1674	196.0	стакан-марка-красная	0.591	1409,325,6,2
saykal-C0006	1799	196.0	стакан-марка-красная	0.667	1598,502,3,3
saykal-C0006	1856	196.0	стакан-марка-красная	0.616	1797,547,2,3
saykal-C0007	148	44.0	палка-древко-контроль	0.771	1575,293,6,8
saykal-C0007	160	19.0	палка-древко-контроль	0.897	85,0,6,10
saykal-C0007	449	24.0	палка-древко-контроль	0.875	1881,121,4,2
saykal-C0010	150	22.0	стакан-марка-красная	0.903	113,519,24,20
saykal-C0010	160	43.0	стакан-марка-красная	0.808	229,148,24,9
saykal-C0010	173	54.0	стакан-марка-красная	0.842	211,167,12,14
saykal-C0010	175	31.0	стакан-марка-красная	0.880	78,653,19,27
saykal-C0010	178	35.0	стакан-марка-красная	0.750	808,310,14,17
saykal-C0010	179	28.0	стакан-марка-красная	0.981	1225,863,33,18
saykal-C0010	180	49.0	стакан-марка-красная	0.712	373,0,12,15
saykal-C0010	187	36.0	стакан-марка-красная	0.818	765,110,18,11
saykal-C0010	198	45.0	стакан-марка-красная	0.619	67,173,14,20
saykal-C0010	229	37.0	стакан-марка-красная	0.741	1627,35,20,6
saykal-C0010	257	45.0	стакан-марка-красная	0.642	131,211,16,8
saykal-C0010	305	84.0	стакан-марка-красная	0.577	1523,223,9,12
saykal-C0010	321	53.0	стакан-марка-красная	0.965	151,31,12,10
saykal-C0010	370	8.0	стакан-марка-красная	0.782	43,692,7,13
saykal-C0010	371	7.0	стакан-марка-красная	0.989	252,839,13,9
saykal-C0010	375	72.0	стакан-марка-красная	0.669	65,461,8,10
saykal-C0010	423	26.0	стакан-марка-красная	0.744	867,823,14,12
saykal-C0010	486	37.0	стакан-марка-красная	0.708	1567,9,10,8
saykal-C0010	492	45.0	стакан-марка-красная	0.653	97,76,8,9
saykal-C0010	498	4.0	стакан-марка-красная	0.928	18,411,7,9
saykal-C0010	500	37.0	стакан-марка-красная	0.656	0,659,11,6
saykal-C0010	501	19.0	стакан-марка-красная	0.799	1051,1056,6,19
saykal-C0010	519	27.0	стакан-марка-красная	0.719	609,941,18,6
saykal-C0010	521	43.0	стакан-марка-красная	0.902	109,51,16,8
saykal-C0010	542	41.0	стакан-марка-красная	0.751	1889,449,8,6
saykal-C0010	562	40.0	стакан-марка-красная	0.559	1893,529,12,6
saykal-C0010	624	37.0	стакан-марка-красная	0.576	1681,91,8,12
saykal-C0010	643	56.0	стакан-марка-красная	0.667	761,271,6,10
saykal-C0010	650	4.0	стакан-марка-красная	0.993	310,769,7,8
saykal-C0010	652	25.0	стакан-марка-красная	0.745	674,859,15,2
saykal-C0010	653	15.0	стакан-марка-красная	0.881	1225,988,9,9
saykal-C0010	671	45.0	стакан-марка-красная	0.562	514,17,5,8
saykal-C0010	685	43.0	стакан-марка-красная	0.642	213,129,10,6
saykal-C0010	693	55.0	стакан-марка-красная	0.825	1003,689,6,5
saykal-C0010	709	37.0	стакан-марка-красная	0.954	127,817,10,6
saykal-C0010	746	39.0	стакан-марка-красная	0.985	1526,251,5,8
saykal-C0010	810	40.0	стакан-марка-красная	0.636	491,947,7,6
saykal-C0010	832	76.0	стакан-марка-красная	0.627	471,289,8,4
saykal-C0010	857	55.0	стакан-марка-красная	0.560	595,113,6,4
saykal-C0010	878	58.0	стакан-марка-красная	0.516	292,610,5,5
saykal-C0010	884	0.0	стакан-марка-красная	0.807	677,27,8,6
saykal-C0010	886	11.0	стакан-марка-красная	0.691	1668,755,10,6
saykal-C0010	899	13.0	стакан-марка-красная	0.809	135,235,8,2
saykal-C0010	949	62.0	стакан-марка-красная	0.885	529,373,4,5
saykal-C0010	982	20.0	стакан-марка-красная	0.772	817,455,4,8
saykal-C0010	993	13.0	стакан-марка-красная	0.926	394,785,5,4
saykal-C0010	994	39.0	стакан-марка-красная	0.628	925,285,4,4
saykal-C0010	1003	40.0	стакан-марка-красная	0.686	1827,716,6,3
saykal-C0010	1036	41.0	стакан-марка-красная	0.573	551,49,2,8
saykal-C0010	1041	40.0	стакан-марка-красная	0.692	461,849,4,6
saykal-C0010	1060	39.0	стакан-марка-красная	0.845	505,570,4,5
saykal-C0010	1128	5.0	стакан-марка-красная	0.963	171,959,4,3
saykal-C0010	1153	2.0	стакан-марка-красная	0.710	583,101,3,3
saykal-C0010	1176	60.0	стакан-марка-красная	0.849	1125,552,2,5
saykal-C0010	1181	48.0	стакан-марка-красная	0.946	777,753,8,2
saykal-C0010	1225	44.0	стакан-марка-красная	0.806	785,807,4,2
saykal-C0010	1284	0.0	стакан-марка-красная	0.902	823,25,2,4
saykal-C0011	146	78.0	стакан-марка-красная	0.596	465,257,14,16
saykal-C0011	153	76.0	стакан-марка-красная	0.619	887,267,20,7
saykal-C0011	156	69.0	стакан-марка-красная	0.559	1145,347,34,8
saykal-C0011	168	102.0	стакан-марка-красная	0.568	1593,725,20,14
saykal-C0011	175	75.0	стакан-марка-красная	0.772	1631,699,14,15
saykal-C0011	185	69.0	стакан-марка-красная	0.401	1169,689,24,4
saykal-C0011	200	94.0	стакан-марка-красная	0.887	905,891,5,22
saykal-C0011	201	63.0	стакан-марка-красная	0.546	929,953,8,22
saykal-C0011	203	70.0	стакан-марка-красная	0.561	841,0,10,16
saykal-C0011	204	78.0	стакан-марка-красная	0.600	537,143,12,19
saykal-C0011	214	61.0	стакан-марка-красная	0.656	789,839,8,18
saykal-C0011	215	62.0	стакан-марка-красная	0.326	1035,819,4,20
saykal-C0011	216	69.0	стакан-марка-красная	0.551	1163,443,18,10
saykal-C0011	224	60.0	стакан-марка-красная	0.938	709,21,16,8
saykal-C0011	235	107.0	стакан-марка-красная	0.743	1766,647,11,14
saykal-C0011	239	101.0	стакан-марка-красная	0.647	1657,785,18,11
saykal-C0011	248	105.0	стакан-марка-красная	0.919	1627,705,22,11
saykal-C0011	249	81.0	стакан-марка-красная	0.659	1170,513,10,14
saykal-C0011	253	47.0	стакан-марка-красная	0.587	851,135,4,16
saykal-C0011	258	62.0	стакан-марка-красная	0.704	373,133,22,24
saykal-C0011	261	96.0	стакан-марка-красная	0.804	711,1049,10,9
saykal-C0011	269	81.0	стакан-марка-красная	0.951	1089,401,8,10
saykal-C0011	273	47.0	стакан-марка-красная	0.886	1019,291,4,19
saykal-C0011	285	84.0	стакан-марка-красная	0.983	516,306,10,10
saykal-C0011	294	97.0	стакан-марка-красная	0.962	577,189,8,8
saykal-C0011	300	64.0	стакан-марка-красная	0.804	593,661,10,8
saykal-C0011	304	96.0	стакан-марка-красная	0.944	389,13,10,6
saykal-C0011	312	64.0	стакан-марка-красная	0.560	837,419,6,10
saykal-C0011	321	61.0	стакан-марка-красная	0.758	781,941,8,14
saykal-C0011	335	48.0	стакан-марка-красная	0.451	1081,613,6,22
saykal-C0011	336	47.0	стакан-марка-красная	0.733	981,485,4,14
saykal-C0011	337	62.0	стакан-марка-красная	0.656	1037,975,4,18
saykal-C0011	354	68.0	стакан-марка-красная	0.977	1171,585,8,16
saykal-C0011	367	48.0	стакан-марка-красная	0.301	1209,751,4,16
saykal-C0011	379	83.0	стакан-марка-красная	0.961	134,575,5,18
saykal-C0011	395	69.0	стакан-марка-красная	0.704	962,694,15,5
saykal-C0011	409	87.0	стакан-марка-красная	0.961	555,391,8,10
saykal-C0011	414	48.0	стакан-марка-красная	0.804	1073,659,4,16
saykal-C0011	416	84.0	стакан-марка-красная	0.881	80,0,9,9
saykal-C0011	422	101.0	стакан-марка-красная	0.730	920,857,9,6
saykal-C0011	426	73.0	стакан-марка-красная	0.672	1613,383,8,12
saykal-C0011	435	76.0	стакан-марка-красная	0.944	269,359,4,15
saykal-C0011	457	65.0	стакан-марка-красная	0.626	746,658,2,14
saykal-C0011	461	107.0	стакан-марка-красная	0.980	1083,883,6,6
saykal-C0011	476	97.0	стакан-марка-красная	0.866	449,249,5,8
saykal-C0011	486	65.0	стакан-марка-красная	0.562	779,463,6,6
saykal-C0011	491	79.0	стакан-марка-красная	0.844	955,739,6,8
saykal-C0011	564	79.0	стакан-марка-красная	0.838	851,849,4,6
saykal-C0011	617	62.0	стакан-марка-красная	0.458	1099,729,4,6
saykal-C0011	647	78.0	стакан-марка-красная	0.637	1487,271,4,8
saykal-C0011	687	71.0	стакан-марка-красная	0.561	1041,173,4,4
saykal-C0011	689	62.0	стакан-марка-красная	0.797	1291,761,4,6
saykal-C0011	690	81.0	стакан-марка-красная	0.828	1113,431,6,7
saykal-C0011	703	76.0	стакан-марка-красная	0.892	217,323,6,4
saykal-C0011	715	109.0	стакан-марка-красная	0.853	1415,327,4,4
saykal-C0011	729	72.0	стакан-марка-красная	0.739	1201,19,4,4
saykal-C0011	781	77.0	стакан-марка-красная	0.747	240,60,3,5
saykal-C0011	827	78.0	стакан-марка-красная	0.557	571,79,4,8
saykal-C0011	844	109.0	стакан-марка-красная	0.915	1361,137,4,6
saykal-C0011	854	82.0	стакан-марка-красная	0.909	1899,885,6,4
saykal-C0011	879	47.0	стакан-марка-красная	0.470	1049,77,4,4
saykal-C0011	964	80.0	стакан-марка-красная	0.649	1127,497,2,6
saykal-C0011	997	78.0	стакан-марка-красная	0.491	497,231,3,4
saykal-C0011	1062	93.0	стакан-марка-красная	0.937	1638,931,3,3
saykal-C0011	1070	86.0	стакан-марка-красная	0.979	243,25,3,3
saykal-C0011	1077	79.0	стакан-марка-красная	0.851	853,836,4,3
saykal-C0011	1180	79.0	стакан-марка-красная	0.743	249,833,2,4
saykal-C0011	1182	85.0	стакан-марка-красная	0.928	217,731,2,4
saykal-C0011	1254	94.0	стакан-марка-красная	0.669	439,477,2,3
saykal-C0014	171	18.0	стакан-марка-красная	0.841	1783,67,8,18
saykal-C0014	197	38.0	стакан-марка-красная	0.816	1175,329,18,8
saykal-C0014	217	11.0	стакан-марка-красная	0.717	83,591,15,7
saykal-C0014	238	40.0	стакан-марка-красная	0.703	745,661,16,6
saykal-C0014	293	31.0	стакан-марка-красная	0.863	1810,231,9,6
saykal-C0014	303	36.0	стакан-марка-красная	0.881	1853,269,10,6
saykal-C0014	317	41.0	стакан-марка-красная	0.698	1081,400,8,7
saykal-C0014	326	21.0	стакан-марка-красная	0.757	1845,147,4,12
saykal-C0014	338	41.0	стакан-марка-красная	0.586	897,501,7,6
saykal-C0014	367	41.0	стакан-марка-красная	0.638	969,461,8,4
saykal-C0014	458	8.0	стакан-марка-красная	0.726	1333,1077,4,3
saykal-C0016	184	30.0	стакан-марка-красная	0.904	115,135,6,5
saykal-C0016	243	19.0	стакан-марка-красная	0.843	1230,39,4,8
saykal-C0016	255	20.0	стакан-марка-красная	0.989	1345,17,5,7
saykal-C0016	395	29.0	стакан-марка-красная	0.991	810,111,6,4
saykal-C0016	539	29.0	стакан-марка-красная	0.992	747,95,4,4
saykal-C0018	175	23.0	стакан-марка-красная	0.453	1317,309,10,10
saykal-C0018	228	92.0	стакан-марка-красная	0.863	1121,697,8,6
saykal-C0018	262	25.0	стакан-марка-красная	0.518	953,681,7,16
saykal-C0018	301	72.0	стакан-марка-красная	0.652	975,39,6,6
saykal-C0018	305	25.0	стакан-марка-красная	0.453	1006,636,5,9
saykal-C0018	326	95.0	стакан-марка-красная	0.814	651,1043,6,14
saykal-C0018	328	57.0	стакан-марка-красная	0.652	140,507,11,6
saykal-C0018	404	96.0	стакан-марка-красная	0.700	1075,993,2,14
saykal-C0018	417	93.0	стакан-марка-красная	0.916	317,951,6,6
saykal-C0018	464	94.0	стакан-марка-красная	0.932	751,917,8,14
saykal-C0018	507	96.0	стакан-марка-красная	0.917	957,1075,6,5
saykal-C0018	592	73.0	стакан-марка-красная	0.904	1526,329,7,12
saykal-C0018	605	91.0	стакан-марка-красная	0.819	734,793,7,8
saykal-C0018	621	25.0	стакан-марка-красная	0.625	1009,809,4,7
saykal-C0018	709	20.0	стакан-марка-красная	0.738	1519,400,5,5
saykal-C0018	714	19.0	стакан-марка-красная	0.776	1713,249,3,4
saykal-C0018	772	72.0	стакан-марка-красная	0.892	578,14,3,5
saykal-C0018	813	73.0	стакан-марка-красная	0.885	1527,137,4,4
saykal-C0018	835	65.0	стакан-марка-красная	0.779	1529,25,4,4
saykal-C0018	875	68.0	стакан-марка-красная	0.848	1631,175,3,5
saykal-C0018	918	57.0	стакан-марка-красная	0.797	111,515,4,3
saykal-C0018	941	67.0	стакан-марка-красная	0.685	1547,937,2,4
saykal-C0018	1005	67.0	стакан-марка-красная	0.866	1164,213,3,2
saykal-C0018	1017	67.0	стакан-марка-красная	0.732	1190,635,3,2
saykal-C0018	1052	65.0	стакан-марка-красная	0.732	1746,257,3,2
saykal-C0024	152	42.0	стакан-марка-красная	0.691	1845,1073,18,7
saykal-C0025	176	16.0	стакан-марка-красная	0.678	1617,609,28,40
saykal-C0025	185	17.0	стакан-марка-красная	0.536	1414,32,15,20
saykal-C0025	197	62.0	стакан-марка-красная	0.974	291,425,23,16
saykal-C0025	213	66.0	палка-древко-контроль	0.771	1745,757,16,12
saykal-C0025	217	15.0	стакан-марка-красная	0.476	1767,579,14,43
saykal-C0025	515	20.0	стакан-марка-красная	0.877	0,275,9,6
saykal-C0028	295	2.0	стакан-марка-красная	0.411	1225,590,19,13
saykal-C0029	148	100.0	палка-древко-контроль	0.055	469,495,14,26
saykal-C0029	319	102.0	палка-древко-контроль	0.647	985,465,10,8
saykal-C0029	589	99.0	палка-древко-контроль	0.751	0,482,5,7
saykal-C0030	168	46.0	стакан-марка-красная	0.717	862,897,4,32
saykal-C0030	218	46.0	стакан-марка-красная	0.767	867,1012,2,23
saykal-C0030	226	46.0	стакан-марка-красная	0.793	845,219,2,22
saykal-C0030	244	38.0	стакан-марка-красная	0.911	935,701,2,19
saykal-C0030	273	46.0	стакан-марка-красная	0.711	861,840,2,17
saykal-C0030	304	38.0	стакан-марка-красная	0.919	931,621,2,12
saykal-C0030	427	46.0	стакан-марка-красная	0.836	847,313,2,7
saykal-C0030	461	46.0	стакан-марка-красная	0.930	855,530,2,7
saykal-C0030	505	46.0	стакан-марка-красная	0.826	841,75,2,5
