data/drive/2026-08-11/DJI_20260811153236_0001_Z.MP4	1mlf6vbckL4yQQjNxWUoC0NvjisNhYIiZ	629865831
data/drive/2026-08-11/DJI_20260811153833_0002_Z.MP4	1N0NJjDcgbV9Tb9uIuWqXCeDLo2qLPEtG	517592576
data/drive/2026-08-11/DJI_20260811154053_0003_Z.MP4	1q1xmpKGtrCdowq6aBAJlPOSVB7Loj71H	650668878
data/drive/2026-08-11/DJI_20260811160637_0001_Z.MP4	19w3ZEkd0sYAdawO7ncaV-xheGd0JtsZX	609138831
data/drive/2026-08-11/DJI_20260811160922_0002_Z.MP4	1-qgu7MCMuoP7a71GLNcX2oGYEqbcqjtd	328941804
data/drive/2026-08-11/DJI_20260811161324_0003_Z.MP4	1sHZH6YJcC5fA2YAxZtwPE5gymn20rtV8	803453130
data/drive/2026-08-12/oblet-drona/DJI_20260811202212_0001_Z.MP4	1vIpFrZs65jkIP7fFyop3Pj_H7i278vGT	929081899
data/drive/2026-08-12/oblet-drona/DJI_20260811202621_0002_Z.MP4	1w0osumEbEQfYAsfEHtXICCmdgmICWGF_	654027725
data/drive/2026-08-12/oblet-drona/DJI_20260811204542_0001_Z.MP4	1ORjKXxVuW6PzODAKRjByqpdBeqaY4eF9	1068082772
data/drive/2026-08-12/oblet-drona/DJI_20260811205029_0002_Z.MP4	1BZh_QZ07GX_McUV31mX9D7r4vVsZjRkr	308920214
data/drive/2026-08-12/oblet-drona/DJI_20260812133237_0005_Z.MP4	1meWI9RxU4eyJhlYF2AWtieScviw3Xdwz	61757081
data/drive/2026-08-12/oblet-drona/DJI_20260812133415_0006_Z.MP4	10j6WQv8_Sbbba1rhcg1zsOxP_nioGHij	205016746
data/drive/2026-08-12/oblet-drona/DJI_20260812133553_0007_Z.MP4	1jBKVMYimrubO0DuGdSsvKMDBe5paLQf3	300459099
data/drive/2026-08-12/oblet-drona/DJI_20260812133836_0008_Z.MP4	1PImO1BrS9CDFbgY_5_wo4mOqeueBZTBr	948407992
data/drive/2026-08-12/oblet-drona/DJI_20260812135426_0001_Z.MP4	1Fzol3QHkfMaR3zgvamzyRrqn5lXxZymZ	574138904
data/drive/2026-08-12/oblet-drona/DJI_20260812135747_0002_Z.MP4	1L28mw0UaOcH4TAl7KdPCGT9XrswvFDAo	525351966
data/drive/2026-08-12/oblet-drona/DJI_20260812140054_0003_Z.MP4	1O8ayVGBmz-enatXdAMzZ0gmbOr1HmmLk	185638012
data/drive/2026-08-12/oblet-drona/DJI_20260812140210_0004_Z.MP4	1deYpTa_mwqNsueF29UCdfmDKVZDzDzpe	336622485
data/drive/2026-08-12/oblet-drona/DJI_20260812141803_0001_Z.MP4	1OppLxzsCm5UkdE2o5GnNU8D3ImEUMT_W	887585173
data/drive/2026-08-12/oblet-drona/DJI_20260812143557_0001_Z.MP4	1gDEAeiH74Vr0TXYi3STHfH1SIuyxRZvW	1922400591
data/drive/2026-08-12/dron-vecher/DJI_20260811202212_0001_Z.srt	1u_o80bK84ic2X32jEyhPEdL6DWyABzSL	1359753
data/drive/2026-08-12/dron-vecher/DJI_20260812221415_0001_Z.MP4	1zSKxLjfgk4midX161BkX_8DC_EJt0I6V	186401622
data/drive/2026-08-12/dron-vecher/DJI_20260812221521_0002_Z.MP4	1ZHBUfW7lbKiFqpgfoIax2VCZ3FBqvjao	432744350
data/drive/2026-08-12/subtitry/DJI_20260812133237_0005_Z.SRT	1nsL16ujD7VLTuOeEDgHB9yKpfZB4Ygfn	179680
data/drive/2026-08-12/subtitry/DJI_20260812133415_0006_Z.SRT	1qkJ_Mb3shHnqNz_bxk-vUvmlh-kbDE5e	602676
data/drive/2026-08-12/subtitry/DJI_20260812135426_0001_Z.SRT	193c_crCOMLy1iVUit1N272t8SBCHjziA	1697082
data/drive/2026-08-12/subtitry/DJI_20260812135747_0002_Z.SRT	1VLqUDUQJrnUUT1GHJzH_BtiTTSP-DFwn	1560950
data/drive/2026-08-12/subtitry/DJI_20260812140054_0003_Z.SRT	1L2mO7UCj8qFhk_BHvGSwAtjsjCS4BCD1	547273
data/drive/2026-08-12/subtitry/DJI_20260812140210_0004_Z.SRT	1t5X-puQ_3w3kBxIl9AxHqvCWzu6sT6mi	995181
data/drive/2026-08-12/subtitry/DJI_20260812141803_0001_Z.SRT	13NW2uWDJ8V7eGGTg4NlpRADqb0XkGROI	2627151
data/drive/2026-08-12/vertolet-clip/C0001.MP4	1AIUY1D-Z0c2ZJdISPwZxUll1AteTSdzq	285226153
data/drive/2026-08-12/vertolet-clip/C0001M01.XML	1F3EduAU8d9zpOQG8Gj4QPP99O1YcDGI7	1156
data/drive/2026-08-12/vertolet-clip/C0002.MP4	13jKt2nLaVwI8qYAbbP-qiXiYTj6j-Sjg	92281459
data/drive/2026-08-12/vertolet-clip/C0002M01.XML	1jJtQ5XulVQDd4ZIZr5cNrBG8QJd_M78L	1154
data/drive/2026-08-12/vertolet-clip/C0003.MP4	1XyBA06VF2qgXw5NaOkSHACalFQEGf0B4	138420453
data/drive/2026-08-12/vertolet-clip/C0003M01.XML	1dep1EkIOhuKCiTIUZyOkLfz__k8c8ISY	1156
data/drive/2026-08-12/vertolet-clip/C0004.MP4	1endEVm8X6HR1_RbOCOuhcJilkHRAbxJR	75503583
data/drive/2026-08-12/vertolet-clip/C0004M01.XML	1qKPNz_MJZoM6VRHT128hywTjuU9yWnHI	1154
data/drive/2026-08-12/vertolet-clip/C0005.MP4	1r4r7OnJT1ObJ4ImqompR3xF0_9b37yk0	104864811
data/drive/2026-08-12/vertolet-clip/C0005M01.XML	1ftY5C4lvV0-Wz3DhnjKNHLWO_J6riycE	1154
data/drive/2026-08-12/vertolet-clip/C0006.MP4	1YxPcjzd5RJmK74e2xPPM0kibrCJAcnni	973116321
data/drive/2026-08-12/vertolet-clip/C0006M01.XML	1jngdr64hrK9ho3tjmX54NjJZxNjDGlJg	1156
data/drive/2026-08-12/vertolet-clip/C0007.MP4	1mK8YIjpJOyLyd1Z-nNWgZ1SVdHAjE423	314587381
data/drive/2026-08-12/vertolet-clip/C0007M01.XML	1viJLucqKweh6R2N7vsXCTUYMK_N054Nj	1156
data/drive/2026-08-12/vertolet-clip/C0008.MP4	1GXpK_OdE_u6V1NGS2G1joB6k11BnzfDi	201337213
data/drive/2026-08-12/vertolet-clip/C0008M01.XML	11_k4CP3P84vXQOnxfNTlozuzUCkjAa-r	1156
data/drive/2026-08-12/vertolet-clip/C0009.MP4	15o4_ET2hbTRYcdN5ovDDDyoHnA7PFYDL	1237366821
data/drive/2026-08-12/vertolet-clip/C0009M01.XML	1WYsjrZLXw38YSGT5zBR3ov4JIFBX_3bn	1156
data/drive/2026-08-12/vertolet-clip/C0010.MP4	1vg2EtEVEw9pRhu5VOo800scEGZJLU46n	1484839559
data/drive/2026-08-12/vertolet-clip/C0010M01.XML	1i0NrdrzpZwisO4QuIjvKYVYnkJtjNQlZ	1158
data/drive/2026-08-12/vertolet-clip/C0011M01.XML	1twXmPMR1yDGkAVu46PCPzykBvRGpQ_B-	1156
data/drive/2026-08-12/vertolet-clip/C0012M01.XML	1h0mJAuSQi8xceaLbw5DktcDSqDrx0nDa	1158
data/drive/2026-08-12/vertolet-clip/C0013M01.XML	1eVmYQPRRXN78aeYI5kj58__O3eczPxB1	1154
data/drive/2026-08-12/vertolet-clip/C0014.MP4	1Rql28RwmsyMDjZHFAbOQnUec4eCFb43A	226503917
data/drive/2026-08-12/vertolet-clip/C0014M01.XML	1OiVpPLvztFqy6LV7DzQfporkncI0R4G4	1156
data/drive/2026-08-12/vertolet-clip/C0015M01.XML	1drYYFdeWQGBIrqz1_qSgYkB2i9-oQ6RT	1156
data/drive/2026-08-12/vertolet-clip/C0016M01.XML	1XhudzQUQqhPIXOqWR6MtVtBIzJ26nF7C	1158
data/drive/2026-08-13/dron/DJI_20260813095243_0001_Z.MP4	16WML277qLyivigrd-rUQNt_aGB91Bl-b	836467146
data/drive/2026-08-13/dron/DJI_20260813101405_0001_Z.MP4	1xZDvXZ4Y_kNpT0z2iU1b2IyN0V6LFjFu	410731948
data/drive/2026-08-13/dron/DJI_20260813103527_0001_Z.MP4	1WF1vskpJ0-QaZN8JFtcnGE5dlcKcFAIn	958817486
data/drive/2026-08-13/dron/DJI_20260813103943_0002_Z.MP4	1l6ghGu21KnN3vxAgFveNEzcJBgHyS688	1647977131
data/drive/2026-08-13/dron/DJI_20260813124213_0001_Z.MP4	1sVYHDmyZPKYLwHKv0kJm9qwO3RRUHnGN	887346092
data/drive/2026-08-13/dron/DJI_20260813124351_0002_Z.JPG	1JssTLxISrUIKMqQpVP1FOjCUyVg6MSSl	3112960
data/drive/2026-08-13/dron/DJI_20260813124655_0003_Z.MP4	1Vi0J0_lDBGNc0201XLGA5VPFYSU0gm3F	729470104
data/drive/2026-08-13/dron-part2/DJI_20260813130531_0001_Z.MP4	1iJgK2qi-3OVdERTfwAv_ouk-T8hWUyj_	754518569
data/drive/2026-08-13/dron-part2/DJI_20260813131019_0002_Z.MP4	1NWRIgBD-NE9DJlKuERlQhnEoVoEkX1Rj	1699619573
data/drive/2026-08-13/dron-part2/DJI_20260813131627_0003_Z.JPG	1Qc6nJJpyRbHwzmlM2lbGH1hnYICQZUFq	2756608
data/drive/2026-08-13/dron-part2/DJI_20260813131631_0004_Z.JPG	1-MEiFzY_SQGREPGsbQivS3DZPY3Sz4ic	2736128
data/drive/2026-08-13/dron-part2/DJI_20260813133738_0001_Z.MP4	1LTimHwOIhmiNCe8FCvF1jN2a3tuej3Ps	3002097108
data/drive/2026-08-13/dron-part2/DJI_20260813152650_0001_Z.MP4	1fM1kIhwxM_O0aa5jW1hmJj4qEtqITLyu	113237386
data/drive/2026-08-13/dron-part2/DJI_20260813152654_0002_Z.JPG	1UoM_EP2IuMeUZmMqBmoY5wmbARvPxMaV	1830912
data/drive/2026-08-13/dron-part2/DJI_20260813152702_0003_Z.JPG	1OHWxraxH2JBQSAmJPiFCa5S0PQATfekm	2150400
data/drive/2026-08-13/dron-part2/DJI_20260813152719_0004_Z.JPG	1BMvgsJ3gwmo3u3gy19t39wZcxQyTlHO5	2551808
data/drive/2026-08-13/dron-part2/DJI_20260813152839_0005_Z.MP4	1Aw5IbgcFfpNbQbhqq2H-_W2Zd_O3Rfdv	463862703
data/drive/2026-08-13/drone-part3/DJI_20260813163855_0001_Z.MP4	1ICeQ3J_qkf7Rh98klQKiT9zJNfJ5al8p	2409655069
data/drive/2026-08-13/drone-part3/DJI_20260813183004_0001_Z.MP4	1UPqtrGzyUCBB4KigxN4IimqUtaoVCCea	942611678
data/drive/2026-08-13/drone-part3/DJI_20260813183028_0002_Z.JPG	1snEqxzRJjFd-U4st7JmtNep_0S2viYIH	3821568
data/drive/2026-08-13/drone-part3/DJI_20260813183029_0003_Z.JPG	1rUPWR5ZovzE3Q3CzdaD5LNzRk-Sbq5TL	3928064
data/drive/2026-08-13/drone-part3/DJI_20260813183031_0004_Z.JPG	1YG5Abt_aVshM3SsqYN5_bqzLkKs3U45P	3911680
data/drive/2026-08-13/drone-part3/DJI_20260813183044_0005_Z.JPG	17MOdGt_SVY-TQK1Nih3cgyL9ErlcyoXc	2617344
data/drive/2026-08-13/drone-part3/DJI_20260813183045_0006_Z.JPG	1aKsc-jwRnvlbBbMa6-j5H3XJjBWSjhi6	2609152
data/drive/2026-08-13/drone-part3/DJI_20260813183046_0007_Z.JPG	1L6HLkFkStytM-D8-95FysNA-2BNE8HVR	2633728
data/drive/2026-08-13/drone-part3/DJI_20260813183101_0008_Z.JPG	1EeGSnsFC4ttakMxCz5qK39MTp0zDXkbO	3186688
data/drive/2026-08-13/drone-part3/DJI_20260813183102_0009_Z.JPG	1RqzYKePT-M14CaGP1tgVZBHc9ixhOMMj	3194880
data/drive/2026-08-13/drone-part3/DJI_20260813183103_0010_Z.JPG	1Anu9azOqCqTUsr9dp8pez65kKwx5l3EJ	3207168
data/drive/2026-08-13/drone-part3/DJI_20260813183132_0011_Z.JPG	1Jl4HWEGNQ2SbvODW-Z5EjBmfTtI7UESF	3174400
data/drive/2026-08-13/drone-part3/DJI_20260813183140_0012_Z.JPG	1poCtoPpHFlTGYTr8m5j6o_p76RsCyHEf	2179072
data/drive/2026-08-13/drone-part3/DJI_20260813183142_0013_Z.JPG	1QlGANJaRYY1VUeQ8UwExHnwHhgVcIWhH	2174976
data/drive/2026-08-13/drone-part3/DJI_20260813183534_0014_Z.MP4	1UP0DUQvjlqwgCjGspU2UPN0WPWPbOS_M	310258339
data/drive/2026-08-13/drone-part3/DJI_20260813183727_0015_Z.MP4	1g1xIKu-QmqmAEg0QqAdhr1s5f_cFI6gf	1025823690
data/drive/2026-08-13/drone-part3/DJI_20260813184253_0016_Z.MP4	1WLecHDtcHs0zH0icV7GAif0_iiF5BAfL	332771028
data/drive/2026-08-13/drone-part3/DJI_20260813185528_0002_Z.JPG	15yjjw2f-2RbLGwU4axdra6aB9EL6qqD1	3104768
data/drive/2026-08-13/drone-part3/DJI_20260813185529_0003_Z.JPG	1SrAJpu06IkXYJ2eupCH2HT9sghxc7NHA	3059712
data/drive/2026-08-13/drone-part3/DJI_20260813185530_0004_Z.JPG	1p5ZZCt_BexjrQAD4mwEGqEPCfV1UGvdN	3084288
data/drive/2026-08-13/helicopter/C0044.MP4	1yc2zAPGpnAYfRJb3_71TXu7BNcAS-dcx	251670621
data/drive/2026-08-13/helicopter/C0045.MP4	1_D4QE_aZPdBv9r_k-ynNwOJB3B9cUKPH	285226265
data/drive/2026-08-13/helicopter/C0048.MP4	1GDys3PzkrhXg9T56C70tIpOJtPm-Kdch	453004365
data/drive/2026-08-13/helicopter/C0049.MP4	1xghhhWSwQOW64FWBB4dDzsLuKlSVwagi	163587157
data/drive/2026-08-14/drone/DJI_20260814114240_0001_Z.MP4	YADISK	448269449
data/drive/2026-08-14/drone/DJI_20260814114556_0002_Z.MP4	YADISK	635732821
data/drive/2026-08-14/drone/DJI_20260814120925_0001_Z.MP4	1Wc1Y5tUb_jTrPcPizDP8J7u8eTLA2U88	400342490
data/drive/2026-08-14/drone/DJI_20260814120925_0001_Z.SRT	11PS5EFTEbm0ZcdpN781Xkv7Uz6gPbgrx	1180539
data/drive/2026-08-14/drone/DJI_20260814121341_0002_Z.MP4	YADISK	953246300
data/drive/2026-08-14/drone/DJI_20260814121438_0003_Z.JPG	1HTK7B9efQXnbYt2EIXo4d6JVJVGptFMM	1400832
data/drive/2026-08-14/drone/DJI_20260814121440_0004_Z.JPG	1ZouI-2aOLj7jKtLKplOgVl2eLFIZswCE	1429504
data/drive/2026-08-14/drone/DJI_20260814121445_0005_Z.JPG	1KvGEFVkSrHE0CL_XDo6FSrKZPZSW2_Xv	2134016
data/drive/2026-08-14/drone/DJI_20260814121607_0007_Z.JPG	1UXyvyQbENxiy16y5kGP3sxQ1sB1szytv	2121728
data/drive/2026-08-14/drone/DJI_20260814121611_0008_Z.JPG	1NVTFbCHEArIPLhh1Pj_bpJ88KuYhFTVy	2011136
data/drive/2026-08-14/drone/DJI_20260814121656_0009_Z.JPG	1S6aAtQIG5dbi8kObtRNFtMtmKLt9xEOr	1376256
data/drive/2026-08-14/vertolet/C0011.MP4	YADISK	650143473
data/drive/2026-08-14/vertolet/C0012.MP4	YADISK	1992368163
data/drive/2026-08-14/vertolet-saykal/C0001.MP4	YADISK	151003805
data/drive/2026-08-14/vertolet-saykal/C0001M01.XML	YADISK	1156
data/drive/2026-08-14/vertolet-saykal/C0002.MP4	YADISK	243281685
data/drive/2026-08-14/vertolet-saykal/C0002M01.XML	YADISK	1156
data/drive/2026-08-14/vertolet-saykal/C0003.MP4	YADISK	54531291
data/drive/2026-08-14/vertolet-saykal/C0003M01.XML	YADISK	1154
data/drive/2026-08-14/vertolet-saykal/C0004.MP4	YADISK	2684452855
data/drive/2026-08-14/vertolet-saykal/C0004M01.XML	YADISK	1158
data/drive/2026-08-14/vertolet-saykal/C0005.MP4	YADISK	897616209
data/drive/2026-08-14/vertolet-saykal/C0005M01.XML	YADISK	1156
data/drive/2026-08-14/vertolet-saykal/C0006.MP4	YADISK	1627450847
data/drive/2026-08-14/vertolet-saykal/C0006M01.XML	YADISK	1158
data/drive/2026-08-14/vertolet-saykal/C0007.MP4	YADISK	549476765
data/drive/2026-08-14/vertolet-saykal/C0008M01.XML	YADISK	1156
data/drive/2026-08-14/vertolet-saykal/C0009M01.XML	YADISK	1158
data/drive/2026-08-14/vertolet-saykal/C0010.MP4	YADISK	683699113
data/drive/2026-08-14/vertolet-saykal/C0010M01.XML	YADISK	1156
data/drive/2026-08-14/vertolet-saykal/C0011.MP4	YADISK	893421793
data/drive/2026-08-14/vertolet-saykal/C0011M01.XML	YADISK	1156
data/drive/2026-08-14/vertolet-saykal/C0012.MP4	YADISK	16781233
data/drive/2026-08-14/vertolet-saykal/C0012M01.XML	YADISK	1152
data/drive/2026-08-14/vertolet-saykal/C0013.MP4	YADISK	201337105
data/drive/2026-08-14/vertolet-saykal/C0013M01.XML	YADISK	1156
data/drive/2026-08-14/vertolet-saykal/C0014.MP4	YADISK	390087493
data/drive/2026-08-14/vertolet-saykal/C0014M01.XML	YADISK	1156
data/drive/2026-08-14/vertolet-saykal/C0015.MP4	YADISK	67114643
data/drive/2026-08-14/vertolet-saykal/C0016.MP4	YADISK	566254421
data/drive/2026-08-14/vertolet-saykal/C0016M01.XML	YADISK	1156
data/drive/2026-08-14/vertolet-saykal/C0017.MP4	YADISK	46142463
data/drive/2026-08-14/vertolet-saykal/C0017M01.XML	YADISK	1154
data/drive/2026-08-14/vertolet-saykal/C0018.MP4	YADISK	788560453
data/drive/2026-08-14/vertolet-saykal/C0018M01.XML	YADISK	1156
data/drive/2026-08-14/vertolet-saykal/C0020M01.XML	YADISK	1158
data/drive/2026-08-14/vertolet-saykal/C0021M01.XML	YADISK	1156
data/drive/2026-08-14/vertolet-saykal/C0022M01.XML	YADISK	1156
data/drive/2026-08-14/vertolet-saykal/C0024.MP4	YADISK	482365481
data/drive/2026-08-14/vertolet-saykal/C0024M01.XML	YADISK	1156
data/drive/2026-08-14/vertolet-saykal/C0025.MP4	YADISK	444615425
data/drive/2026-08-14/vertolet-saykal/C0025M01.XML	YADISK	1156
data/drive/2026-08-14/vertolet-saykal/C0026M01.XML	YADISK	1156
data/drive/2026-08-14/vertolet-saykal/C0027.MP4	YADISK	41947939
data/drive/2026-08-14/vertolet-saykal/C0027M01.XML	YADISK	1154
data/drive/2026-08-14/vertolet-saykal/C0028.MP4	YADISK	889227269
data/drive/2026-08-14/vertolet-saykal/C0028M01.XML	YADISK	1156
data/drive/2026-08-14/vertolet-saykal/C0029.MP4	YADISK	666921349
data/drive/2026-08-14/vertolet-saykal/C0029M01.XML	YADISK	1156
data/drive/2026-08-14/vertolet-saykal/C0030.MP4	YADISK	343948501
data/drive/2026-08-14/vertolet-saykal/C0030M01.XML	YADISK	1156
data/drive/2026-08-14/vertolet-saykal/C0032M01.XML	YADISK	1156
data/drive/2026-08-14/vertolet-saykal/C0033.MP4	YADISK	100670287
data/drive/2026-08-14/vertolet-saykal/C0033M01.XML	YADISK	1154
data/drive/2026-08-14/vertolet-saykal/C0034M01.XML	YADISK	1156
data/drive/2026-08-14/vertolet-saykal/C0035M01.XML	YADISK	1156
data/drive/2026-08-14/vertolet-saykal/C0036M01.XML	YADISK	1156
data/drive/2026-08-14/vertolet-saykal/C0037M01.XML	YADISK	1158
