track	t_best	t0	t1	bbox	length_px	score	lat	lon	alt
0	48.1	45.1	54.1	1058,380,126,344	363.1	8531.7	39.4815639	73.5919726	5101.6
1	53.1	53.1	57.1	516,632,86,208	220.9	7705.5	39.4815634	73.5919722	5101.6
2	41.1	40.1	44.1	904,456,98,260	274.4	7285.9	39.4815637	73.5919728	5101.6
3	38.1	37.0	38.1	1228,694,100,250	263.9	7182.6	39.4815639	73.5919728	5101.6
4	24.0	24.0	24.0	400,530,140,276	306.7	6504.9	39.4815643	73.5919724	5101.6
5	54.1	53.1	55.1	1470,518,146,258	293.7	6097.3	39.4815634	73.5919721	5101.6
6	41.1	41.1	41.1	1244,662,152,304	335.4	6013.8	39.4815637	73.5919728	5101.6
7	41.1	24.0	46.1	840,798,148,200	237.9	5649.1	39.4815637	73.5919728	5101.6
8	48.1	48.1	54.1	1234,696,112,322	335.6	5583.2	39.4815639	73.5919726	5101.6
9	41.1	40.1	41.1	848,80,224,274	349.6	4858.3	39.4815637	73.5919728	5101.6
10	38.1	38.1	38.1	1132,432,130,236	265.8	4788.1	39.4815639	73.5919728	5101.6
11	79.1	78.1	80.1	1416,794,364,90	368.7	4730.1	39.4815628	73.5919724	5101.6
12	146.2	138.2	147.2	0,212,150,122	182.8	4711.7	39.4815619	73.5919731	5101.7
13	79.1	78.1	80.1	622,942,310,112	326.4	4708.9	39.4815628	73.5919724	5101.6
14	79.1	78.1	81.1	918,552,220,112	243.1	4579.9	39.4815628	73.5919724	5101.6
15	42.1	39.1	46.1	520,422,80,284	291.9	4482.7	39.4815638	73.5919726	5101.6
16	39.1	39.1	39.1	980,912,128,168	208.1	4344.0	39.4815636	73.5919729	5101.6
17	72.1	72.1	73.1	1798,730,122,168	203.6	4283.0	39.4815628	73.5919724	5101.6
18	148.2	136.2	148.2	206,284,168,126	198.0	4281.1	39.4815621	73.5919728	5101.7
19	38.1	38.1	38.1	1492,412,66,138	149.9	4173.7	39.4815639	73.5919728	5101.6
20	103.1	101.1	119.2	570,738,136,148	198.1	4168.5	39.4815617	73.5919728	5101.6
21	157.2	154.2	187.3	678,504,70,184	192.9	4133.9	39.4815619	73.5919727	5101.7
22	39.1	39.1	39.1	1072,454,90,160	180.6	4026.3	39.4815636	73.5919729	5101.6
23	58.1	55.1	59.1	1578,564,136,146	195.2	4018.6	39.4815635	73.5919719	5101.6
24	72.1	68.1	73.1	1354,172,134,192	231.3	3994.3	39.4815628	73.5919724	5101.6
25	80.1	78.1	80.1	1008,932,300,92	310.6	3976.3	39.4815628	73.5919721	5101.6
26	50.1	47.1	54.1	604,662,44,176	175.6	3948.1	39.4815639	73.5919726	5101.6
27	51.1	42.1	52.1	1090,32,82,198	209.5	3824.8	39.4815637	73.5919725	5101.6
28	53.1	44.1	53.1	692,0,78,202	213.1	3778.0	39.4815634	73.5919722	5101.6
29	80.1	80.1	80.1	524,696,264,114	284.2	3771.5	39.4815628	73.5919721	5101.6
30	74.1	72.1	75.1	710,264,128,144	183.9	3746.7	39.4815626	73.5919726	5101.6
31	11.0	0.0	23.0	584,386,90,206	219.1	3745.3	39.4815637	73.5919740	5101.6
32	81.1	81.1	81.1	764,656,262,136	288.0	3731.0	39.4815631	73.5919720	5101.6
33	74.1	72.1	76.1	1306,858,120,132	172.9	3702.1	39.4815626	73.5919726	5101.6
34	39.1	39.1	39.1	610,866,68,146	155.9	3661.5	39.4815636	73.5919729	5101.6
35	77.1	76.1	77.1	1708,558,212,84	225.3	3634.4	39.4815629	73.5919724	5101.6
36	34.0	33.0	40.1	1004,296,72,138	152.8	3580.1	39.4815644	73.5919731	5101.6
37	75.1	72.1	75.1	1314,210,172,158	227.9	3574.6	39.4815627	73.5919724	5101.6
38	55.1	55.1	62.1	996,654,168,156	219.2	3375.0	39.4815633	73.5919720	5101.6
39	146.2	137.2	149.2	162,426,118,86	142.1	3344.5	39.4815619	73.5919731	5101.7
40	30.0	7.0	32.0	1336,522,68,124	136.9	3340.7	39.4815647	73.5919726	5101.6
41	53.1	48.1	56.1	786,680,146,280	309.5	3337.5	39.4815634	73.5919722	5101.6
42	34.0	33.0	37.0	800,648,76,284	289.3	3331.1	39.4815644	73.5919731	5101.6
43	62.1	62.1	63.1	110,0,88,96	127.4	3305.5	39.4815638	73.5919721	5101.6
44	136.2	136.2	139.2	148,518,134,146	195.3	3301.1	39.4815624	73.5919734	5101.6
45	41.1	41.1	41.1	1676,854,72,146	159.2	3292.8	39.4815637	73.5919728	5101.6
46	41.1	41.1	41.1	524,328,88,130	152.5	3291.2	39.4815637	73.5919728	5101.6
47	80.1	79.1	80.1	890,706,114,72	132.1	3259.9	39.4815628	73.5919721	5101.6
48	49.1	48.1	52.1	1000,718,108,272	290.1	3239.7	39.4815639	73.5919726	5101.6
49	136.2	136.2	141.2	1616,962,158,108	186.2	3193.7	39.4815624	73.5919734	5101.6
50	52.1	52.1	54.1	1002,650,114,284	303.4	3164.3	39.4815635	73.5919724	5101.6
51	40.1	40.1	45.1	1096,604,48,118	120.0	3098.1	39.4815636	73.5919729	5101.6
52	35.0	33.0	37.0	408,360,108,204	228.0	3057.9	39.4815643	73.5919732	5101.6
53	78.1	77.1	80.1	850,712,106,66	122.1	3033.7	39.4815630	73.5919725	5101.6
54	59.1	59.1	63.1	488,442,72,100	117.0	3028.6	39.4815639	73.5919719	5101.6
55	33.0	33.0	38.1	1074,566,76,168	180.1	3019.5	39.4815647	73.5919731	5101.6
56	77.1	77.1	77.1	680,606,216,118	242.0	3012.3	39.4815629	73.5919724	5101.6
57	58.1	56.1	58.1	1036,618,100,126	158.0	3001.3	39.4815635	73.5919719	5101.6
58	41.1	40.1	41.1	928,20,58,180	184.2	2991.8	39.4815637	73.5919728	5101.6
59	39.1	39.1	39.1	1112,58,182,254	308.5	2984.4	39.4815636	73.5919729	5101.6
60	40.1	40.1	40.1	694,758,58,118	127.9	2946.0	39.4815636	73.5919729	5101.6
61	54.1	54.1	55.1	184,160,114,266	284.4	2928.9	39.4815634	73.5919721	5101.6
62	41.1	41.1	41.1	1508,428,62,126	135.2	2922.3	39.4815637	73.5919728	5101.6
63	25.0	25.0	32.0	1760,868,70,158	169.2	2919.2	39.4815641	73.5919723	5101.6
64	24.0	24.0	24.0	1254,530,54,94	105.6	2909.2	39.4815643	73.5919724	5101.6
65	135.2	135.2	135.2	252,598,114,130	168.8	2860.5	39.4815624	73.5919734	5101.6
66	37.0	33.0	37.0	600,596,56,210	212.5	2859.2	39.4815638	73.5919730	5101.6
67	30.0	25.0	32.0	960,648,82,280	287.1	2848.4	39.4815647	73.5919726	5101.6
68	28.0	25.0	32.0	1336,114,58,120	130.6	2824.3	39.4815645	73.5919725	5101.6
69	57.1	56.1	58.1	1576,856,184,224	287.0	2821.6	39.4815633	73.5919719	5101.6
70	53.1	46.1	53.1	1250,398,50,134	137.4	2816.0	39.4815634	73.5919722	5101.6
71	59.1	59.1	59.1	1366,552,154,172	228.0	2808.6	39.4815639	73.5919719	5101.6
72	47.1	46.1	52.1	1496,802,70,174	182.9	2762.4	39.4815640	73.5919726	5101.6
73	57.1	57.1	58.1	226,388,112,156	180.8	2760.4	39.4815633	73.5919719	5101.6
74	148.2	148.2	148.2	1742,788,126,156	191.2	2709.9	39.4815621	73.5919728	5101.7
75	159.2	155.2	159.2	324,150,54,54	73.5	2702.3	39.4815615	73.5919725	5101.7
76	75.1	75.1	75.1	994,74,132,106	162.8	2660.0	39.4815627	73.5919724	5101.6
77	61.1	57.1	63.1	498,382,88,122	147.6	2641.9	39.4815639	73.5919722	5101.6
78	101.1	101.1	106.1	52,258,116,102	151.6	2633.3	39.4815618	73.5919725	5101.6
79	75.1	75.1	75.1	14,134,112,146	179.9	2600.2	39.4815627	73.5919724	5101.6
80	54.1	46.1	54.1	568,0,76,142	153.8	2569.9	39.4815634	73.5919721	5101.6
81	59.1	56.1	60.1	300,380,108,110	149.9	2568.4	39.4815639	73.5919719	5101.6
82	82.1	82.1	82.1	1624,424,210,80	221.9	2554.0	39.4815630	73.5919721	5101.6
83	157.2	155.2	162.2	594,452,50,144	148.7	2541.0	39.4815619	73.5919727	5101.7
84	146.2	146.2	147.2	1474,592,180,96	191.2	2515.1	39.4815619	73.5919731	5101.7
85	79.1	79.1	79.1	1126,970,156,50	159.1	2508.1	39.4815628	73.5919724	5101.6
86	82.1	82.1	82.1	1352,876,150,66	161.2	2502.4	39.4815630	73.5919721	5101.6
87	41.1	41.1	41.1	1412,382,44,152	154.9	2497.5	39.4815637	73.5919728	5101.6
88	82.1	82.1	82.1	1306,214,158,60	165.7	2485.8	39.4815630	73.5919721	5101.6
89	101.1	101.1	107.1	1568,632,126,102	158.0	2434.6	39.4815618	73.5919725	5101.6
90	28.0	25.0	32.0	1382,654,50,126	130.3	2429.5	39.4815645	73.5919725	5101.6
91	66.1	65.1	70.1	494,116,150,88	167.9	2428.1	39.4815635	73.5919723	5101.6
92	76.1	76.1	76.1	90,708,146,76	161.0	2421.4	39.4815628	73.5919724	5101.6
93	9.0	9.0	10.0	16,20,56,74	84.3	2404.2	39.4815641	73.5919736	5101.7
94	148.2	148.2	148.2	1332,388,136,98	154.0	2399.1	39.4815621	73.5919728	5101.7
95	73.1	72.1	76.1	1112,732,90,96	128.8	2396.2	39.4815627	73.5919724	5101.6
96	55.1	55.1	55.1	822,138,120,142	182.9	2395.8	39.4815633	73.5919720	5101.6
97	33.0	33.0	36.0	392,630,154,184	231.2	2388.2	39.4815647	73.5919731	5101.6
98	148.2	148.2	148.2	0,324,164,168	229.4	2387.4	39.4815621	73.5919728	5101.7
99	106.1	101.1	107.1	1634,632,104,72	121.7	2369.4	39.4815621	73.5919731	5101.6
100	59.1	59.1	59.1	1752,936,78,96	118.4	2336.4	39.4815639	73.5919719	5101.6
101	46.1	45.1	51.1	1384,844,84,98	123.7	2333.7	39.4815639	73.5919726	5101.6
102	26.0	25.0	32.0	446,232,66,110	125.4	2279.0	39.4815643	73.5919724	5101.6
103	42.1	40.1	45.1	1336,712,42,88	94.0	2275.2	39.4815638	73.5919726	5101.6
104	83.1	83.1	85.1	1778,444,142,74	153.8	2247.2	39.4815631	73.5919720	5101.6
105	73.1	72.1	73.1	1634,584,166,188	246.6	2243.2	39.4815627	73.5919724	5101.6
106	144.2	136.2	150.2	350,378,160,120	197.2	2235.3	39.4815617	73.5919732	5101.6
107	193.3	188.3	194.3	402,284,126,72	142.4	2220.5	39.4815621	73.5919727	5101.6
108	76.1	75.1	76.1	754,86,104,54	113.4	2218.5	39.4815628	73.5919724	5101.6
109	140.2	137.2	145.2	1396,1016,86,54	96.7	2208.0	39.4815625	73.5919734	5101.7
110	145.2	142.2	145.2	296,184,152,184	233.9	2197.2	39.4815618	73.5919732	5101.7
111	188.3	188.3	193.3	360,392,232,70	239.3	2194.2	39.4815618	73.5919731	5101.6
112	72.1	72.1	73.1	724,0,106,116	154.3	2191.7	39.4815628	73.5919724	5101.6
113	24.0	24.0	24.0	1266,218,108,210	233.4	2184.5	39.4815643	73.5919724	5101.6
114	155.2	154.2	155.2	756,0,60,156	162.1	2178.1	39.4815621	73.5919728	5101.7
115	55.1	55.1	58.1	402,0,130,174	211.7	2152.4	39.4815633	73.5919720	5101.6
116	106.1	104.1	107.1	1458,422,144,88	165.9	2143.2	39.4815621	73.5919731	5101.6
117	148.2	148.2	148.2	228,54,124,54	130.6	2141.1	39.4815621	73.5919728	5101.7
118	122.2	122.2	122.2	670,980,52,52	70.7	2135.6	39.4815618	73.5919725	5101.6
119	191.3	157.2	193.3	1010,102,96,76	115.8	2127.0	39.4815619	73.5919726	5101.6
120	81.1	81.1	81.1	1520,294,108,66	120.8	2122.3	39.4815631	73.5919720	5101.6
121	101.1	101.1	103.1	700,0,124,76	141.0	2119.5	39.4815618	73.5919725	5101.6
122	80.1	78.1	80.1	606,804,172,62	180.2	2114.0	39.4815628	73.5919721	5101.6
123	74.1	74.1	77.1	172,326,94,126	151.9	2106.2	39.4815626	73.5919726	5101.6
124	57.1	57.1	58.1	478,586,68,130	143.7	2088.6	39.4815633	73.5919719	5101.6
125	10.0	10.0	23.0	1338,136,80,124	144.8	2085.2	39.4815640	73.5919737	5101.6
126	50.1	45.1	53.1	668,418,68,142	153.9	2078.9	39.4815639	73.5919726	5101.6
127	100.1	97.1	100.1	738,980,54,54	73.5	2078.8	39.4815619	73.5919725	5101.6
128	135.2	131.2	135.2	1114,504,118,98	149.3	2076.8	39.4815624	73.5919734	5101.6
129	25.0	25.0	32.0	1366,230,136,186	227.6	2068.4	39.4815641	73.5919723	5101.6
130	34.0	33.0	34.0	180,74,60,94	108.7	2064.8	39.4815644	73.5919731	5101.6
131	160.2	159.2	161.2	1638,712,88,108	136.4	2063.2	39.4815614	73.5919727	5101.7
132	59.1	59.1	59.1	1492,610,112,106	147.1	2060.2	39.4815639	73.5919719	5101.6
133	135.2	135.2	135.2	1072,204,140,150	199.4	2042.7	39.4815624	73.5919734	5101.6
134	158.2	154.2	158.2	1036,196,38,118	120.3	2037.4	39.4815617	73.5919725	5101.7
135	134.2	122.2	134.2	520,38,132,84	150.7	2033.3	39.4815623	73.5919733	5101.6
136	136.2	136.2	136.2	1022,746,142,98	162.5	2014.4	39.4815624	73.5919734	5101.6
137	135.2	134.2	135.2	640,92,122,106	157.5	2011.3	39.4815624	73.5919734	5101.6
138	58.1	57.1	58.1	496,420,86,170	186.9	1998.9	39.4815635	73.5919719	5101.6
139	56.1	56.1	59.1	1316,966,62,106	120.0	1995.7	39.4815632	73.5919719	5101.6
140	36.0	34.0	37.0	484,550,64,144	154.0	1992.8	39.4815642	73.5919732	5101.6
141	85.1	83.1	85.1	1030,910,122,84	142.3	1985.3	39.4815631	73.5919723	5101.6
142	135.2	135.2	135.2	512,148,86,102	127.7	1984.0	39.4815624	73.5919734	5101.6
143	159.2	156.2	159.2	1614,602,126,118	168.3	1982.9	39.4815615	73.5919725	5101.7
144	140.2	140.2	145.2	1700,440,140,96	161.5	1978.5	39.4815625	73.5919734	5101.7
145	39.1	39.1	39.1	132,54,46,86	93.0	1978.3	39.4815636	73.5919729	5101.6
146	81.1	81.1	81.1	1216,642,140,62	148.9	1963.8	39.4815631	73.5919720	5101.6
147	28.0	25.0	32.0	670,136,40,116	116.5	1958.0	39.4815645	73.5919725	5101.6
148	63.1	60.1	63.1	1638,590,96,88	121.8	1957.8	39.4815638	73.5919723	5101.6
149	81.1	76.1	82.1	764,594,168,104	191.4	1943.5	39.4815631	73.5919720	5101.6
150	135.2	135.2	135.2	1016,16,98,96	133.0	1940.9	39.4815624	73.5919734	5101.6
151	39.1	39.1	39.1	578,696,64,158	163.8	1934.0	39.4815636	73.5919729	5101.6
152	33.0	33.0	33.0	998,854,58,226	230.9	1933.9	39.4815647	73.5919731	5101.6
153	75.1	75.1	75.1	278,72,118,114	161.2	1931.1	39.4815627	73.5919724	5101.6
154	103.1	103.1	108.1	1394,662,162,122	197.6	1925.8	39.4815617	73.5919728	5101.6
155	104.1	101.1	110.1	1574,996,76,52	89.3	1921.9	39.4815618	73.5919729	5101.6
156	146.2	146.2	147.2	1546,378,94,86	109.1	1911.1	39.4815619	73.5919731	5101.7
157	123.2	123.2	132.2	1088,610,60,152	159.4	1906.2	39.4815618	73.5919726	5101.6
158	81.1	81.1	81.1	1478,392,158,98	173.8	1905.6	39.4815631	73.5919720	5101.6
159	143.2	143.2	147.2	1386,230,108,110	151.3	1901.1	39.4815617	73.5919733	5101.6
160	155.2	155.2	155.2	1528,550,72,134	149.4	1899.6	39.4815621	73.5919728	5101.7
161	80.1	78.1	80.1	376,726,108,74	125.9	1898.6	39.4815628	73.5919721	5101.6
162	189.3	188.3	197.3	680,858,92,52	100.7	1896.4	39.4815618	73.5919730	5101.6
163	161.2	160.2	161.2	1680,732,90,162	182.6	1889.7	39.4815612	73.5919727	5101.7
164	143.2	137.2	145.2	118,66,84,62	98.6	1878.4	39.4815617	73.5919733	5101.6
165	72.1	72.1	73.1	388,12,78,150	165.1	1874.9	39.4815628	73.5919724	5101.6
166	147.2	146.2	147.2	1572,590,166,142	206.0	1870.9	39.4815621	73.5919730	5101.7
167	149.2	149.2	156.2	1106,452,96,92	127.4	1866.0	39.4815622	73.5919728	5101.7
168	76.1	76.1	76.1	1754,456,134,50	138.5	1857.5	39.4815628	73.5919724	5101.6
169	55.1	55.1	55.1	1778,800,142,152	205.1	1843.9	39.4815633	73.5919720	5101.6
170	56.1	56.1	56.1	528,536,80,144	161.0	1843.2	39.4815632	73.5919719	5101.6
171	58.1	58.1	58.1	1724,724,104,116	151.1	1839.1	39.4815635	73.5919719	5101.6
172	33.0	33.0	38.1	1362,688,66,118	130.6	1834.8	39.4815647	73.5919731	5101.6
173	2.0	0.0	7.0	1406,866,128,172	211.6	1833.5	39.4815637	73.5919734	5101.6
174	108.1	108.1	120.2	12,408,126,76	143.4	1831.5	39.4815626	73.5919734	5101.6
175	24.0	24.0	24.0	946,698,76,150	164.5	1830.6	39.4815643	73.5919724	5101.6
176	107.1	106.1	117.2	692,814,160,90	180.8	1829.1	39.4815624	73.5919731	5101.6
177	149.2	149.2	149.2	564,626,104,76	123.6	1825.8	39.4815622	73.5919728	5101.7
178	74.1	74.1	75.1	994,954,84,96	123.4	1813.1	39.4815626	73.5919726	5101.6
179	73.1	72.1	73.1	672,66,84,116	137.0	1812.6	39.4815627	73.5919724	5101.6
180	62.1	60.1	62.1	788,468,56,84	92.6	1811.8	39.4815638	73.5919721	5101.6
181	135.2	135.2	135.2	1788,566,126,114	167.1	1806.7	39.4815624	73.5919734	5101.6
182	197.3	196.3	197.3	1070,940,86,112	136.1	1806.4	39.4815623	73.5919733	5101.6
183	60.1	60.1	61.1	356,346,98,132	161.4	1802.7	39.4815639	73.5919721	5101.6
184	77.1	74.1	77.1	1388,346,90,54	101.1	1796.8	39.4815629	73.5919724	5101.6
185	91.1	89.1	91.1	106,102,148,100	167.1	1794.4	39.4815629	73.5919725	5101.6
186	157.2	155.2	158.2	1168,602,44,132	131.2	1783.4	39.4815619	73.5919727	5101.7
187	61.1	60.1	63.1	1626,844,62,82	97.7	1773.7	39.4815639	73.5919722	5101.6
188	136.2	136.2	136.2	1146,120,104,122	157.3	1773.4	39.4815624	73.5919734	5101.6
189	103.1	102.1	110.1	1438,968,118,82	138.0	1771.2	39.4815617	73.5919728	5101.6
190	81.1	81.1	81.1	1726,596,94,72	112.3	1771.0	39.4815631	73.5919720	5101.6
191	8.0	0.0	8.0	916,878,78,184	192.8	1765.6	39.4815641	73.5919736	5101.7
192	136.2	136.2	144.2	1182,748,92,78	103.4	1763.8	39.4815624	73.5919734	5101.6
193	81.1	81.1	82.1	950,526,116,72	132.9	1756.7	39.4815631	73.5919720	5101.6
194	39.1	39.1	39.1	1402,236,60,122	132.3	1753.4	39.4815636	73.5919729	5101.6
195	102.1	101.1	104.1	898,282,62,58	81.8	1751.6	39.4815617	73.5919725	5101.6
196	140.2	140.2	145.2	1708,568,132,54	139.2	1750.8	39.4815625	73.5919734	5101.7
197	43.1	43.1	44.1	224,194,86,126	148.7	1750.0	39.4815638	73.5919728	5101.6
198	82.1	82.1	82.1	830,172,82,44	90.2	1745.5	39.4815630	73.5919721	5101.6
199	40.1	40.1	42.1	1522,678,76,110	129.6	1737.6	39.4815636	73.5919729	5101.6
200	59.1	59.1	59.1	204,344,86,116	141.6	1727.6	39.4815639	73.5919719	5101.6
201	76.1	76.1	76.1	456,84,132,68	145.8	1722.0	39.4815628	73.5919724	5101.6
202	118.2	118.2	118.2	1412,900,158,108	187.9	1721.9	39.4815618	73.5919722	5101.7
203	11.0	11.0	12.0	1220,888,64,164	172.7	1719.6	39.4815637	73.5919740	5101.6
204	83.1	83.1	85.1	248,122,106,68	123.2	1714.6	39.4815631	73.5919720	5101.6
205	106.1	101.1	106.1	1008,66,144,118	172.9	1710.6	39.4815621	73.5919731	5101.6
206	78.1	78.1	81.1	1758,912,76,42	80.5	1705.5	39.4815630	73.5919725	5101.6
207	80.1	80.1	80.1	522,866,152,68	158.2	1700.8	39.4815628	73.5919721	5101.6
208	39.1	39.1	39.1	600,322,48,92	101.0	1695.3	39.4815636	73.5919729	5101.6
209	43.1	42.1	43.1	1664,828,52,70	82.1	1688.0	39.4815638	73.5919728	5101.6
210	1.0	0.0	10.0	1078,238,72,78	100.5	1669.8	39.4815638	73.5919733	5101.6
211	135.2	135.2	135.2	976,534,128,102	157.2	1669.2	39.4815624	73.5919734	5101.6
212	42.1	42.1	43.1	714,1012,40,68	76.0	1668.5	39.4815638	73.5919726	5101.6
213	135.2	135.2	135.2	1278,150,94,84	114.4	1661.1	39.4815624	73.5919734	5101.6
214	196.3	189.3	197.3	940,418,78,88	114.7	1655.5	39.4815623	73.5919731	5101.6
215	55.1	55.1	55.1	1228,908,78,86	113.3	1653.1	39.4815633	73.5919720	5101.6
216	59.1	59.1	59.1	628,918,100,132	160.4	1648.9	39.4815639	73.5919719	5101.6
217	148.2	148.2	148.2	840,0,60,48	74.0	1648.7	39.4815621	73.5919728	5101.7
218	188.3	188.3	197.3	1038,782,128,44	132.2	1648.7	39.4815618	73.5919731	5101.6
219	24.0	24.0	24.0	1176,826,94,108	140.0	1643.8	39.4815643	73.5919724	5101.6
220	75.1	75.1	75.1	170,94,68,62	85.0	1634.7	39.4815627	73.5919724	5101.6
221	149.2	149.2	149.2	1692,452,80,70	101.7	1633.4	39.4815622	73.5919728	5101.7
222	77.1	77.1	77.1	1708,982,88,48	94.8	1631.4	39.4815629	73.5919724	5101.6
223	113.2	107.1	117.2	1254,578,140,94	164.7	1630.3	39.4815627	73.5919731	5101.6
224	192.3	187.3	195.3	1148,406,98,68	114.2	1630.3	39.4815619	73.5919726	5101.6
225	47.1	47.1	47.1	166,116,60,148	154.8	1628.0	39.4815640	73.5919726	5101.6
226	82.1	82.1	82.1	478,62,108,60	120.8	1618.3	39.4815630	73.5919721	5101.6
227	77.1	77.1	77.1	1130,628,122,54	128.5	1617.0	39.4815629	73.5919724	5101.6
228	149.2	149.2	149.2	634,424,90,68	110.0	1616.5	39.4815622	73.5919728	5101.7
229	148.2	148.2	148.2	1776,670,144,164	205.9	1612.5	39.4815621	73.5919728	5101.7
230	104.1	104.1	107.1	1130,322,80,60	96.9	1605.3	39.4815618	73.5919729	5101.6
231	5.0	0.0	23.0	1226,370,58,96	102.9	1599.9	39.4815641	73.5919736	5101.6
232	83.1	83.1	83.1	268,752,178,76	189.4	1590.9	39.4815631	73.5919720	5101.6
233	60.1	60.1	63.1	1374,954,88,120	146.0	1588.0	39.4815639	73.5919721	5101.6
234	115.2	109.1	118.2	740,718,106,84	132.2	1583.7	39.4815623	73.5919728	5101.6
235	44.1	44.1	44.1	1502,838,52,88	96.7	1579.3	39.4815639	73.5919727	5101.6
236	143.2	142.2	145.2	1664,778,92,72	111.6	1573.1	39.4815617	73.5919733	5101.6
237	103.1	101.1	103.1	1380,532,74,102	121.3	1572.2	39.4815617	73.5919728	5101.6
238	74.1	74.1	74.1	1074,88,118,94	142.4	1571.9	39.4815626	73.5919726	5101.6
239	56.1	56.1	56.1	1162,574,62,98	113.2	1571.7	39.4815632	73.5919719	5101.6
240	63.1	61.1	63.1	1588,766,134,110	170.5	1570.6	39.4815638	73.5919723	5101.6
241	60.1	60.1	60.1	12,208,94,92	127.3	1569.8	39.4815639	73.5919721	5101.6
242	61.1	61.1	62.1	1054,572,52,84	96.0	1569.3	39.4815639	73.5919722	5101.6
243	130.2	126.2	132.2	1474,656,80,102	126.6	1565.8	39.4815619	73.5919731	5101.7
244	136.2	136.2	139.2	480,58,68,62	85.1	1563.7	39.4815624	73.5919734	5101.6
245	188.3	188.3	189.3	422,174,120,46	125.2	1547.7	39.4815618	73.5919731	5101.6
246	35.0	35.0	35.0	622,374,74,110	129.7	1546.7	39.4815643	73.5919732	5101.6
247	193.3	188.3	193.3	142,34,106,70	120.7	1543.5	39.4815621	73.5919727	5101.6
248	190.3	189.3	193.3	1818,466,102,68	113.9	1543.3	39.4815617	73.5919727	5101.6
249	36.0	36.0	38.1	1578,912,94,92	125.9	1541.5	39.4815642	73.5919732	5101.6
250	81.1	81.1	81.1	1818,692,92,106	136.1	1538.5	39.4815631	73.5919720	5101.6
251	23.0	13.0	23.0	176,62,66,112	127.3	1528.9	39.4815641	73.5919726	5101.6
252	190.3	190.3	195.3	0,536,82,50	92.3	1524.8	39.4815617	73.5919727	5101.6
253	197.3	196.3	197.3	908,938,106,110	147.1	1517.0	39.4815623	73.5919733	5101.6
254	74.1	74.1	74.1	68,18,102,186	202.0	1516.5	39.4815626	73.5919726	5101.6
255	77.1	77.1	77.1	1540,944,160,76	172.7	1516.4	39.4815629	73.5919724	5101.6
256	78.1	78.1	78.1	938,942,130,56	134.6	1512.3	39.4815630	73.5919725	5101.6
257	42.1	42.1	42.1	456,44,36,134	133.8	1502.9	39.4815638	73.5919726	5101.6
258	24.0	24.0	24.0	474,0,72,122	136.9	1502.1	39.4815643	73.5919724	5101.6
259	74.1	74.1	74.1	720,118,76,90	115.0	1501.2	39.4815626	73.5919726	5101.6
260	83.1	83.1	85.1	178,216,88,52	95.8	1498.9	39.4815631	73.5919720	5101.6
261	135.2	135.2	135.2	146,8,90,96	122.1	1494.6	39.4815624	73.5919734	5101.6
262	196.3	196.3	196.3	1810,856,100,118	147.8	1493.9	39.4815623	73.5919731	5101.6
263	12.0	5.0	15.0	1132,456,36,74	78.0	1490.9	39.4815637	73.5919738	5101.6
264	152.2	152.2	152.2	1450,242,92,76	115.2	1490.1	39.4815621	73.5919727	5101.7
265	77.1	77.1	77.1	0,316,98,56	108.8	1486.1	39.4815629	73.5919724	5101.6
266	83.1	83.1	85.1	866,550,82,52	93.3	1472.0	39.4815631	73.5919720	5101.6
267	194.3	194.3	197.3	1204,844,100,86	129.1	1463.2	39.4815622	73.5919728	5101.6
268	79.1	79.1	79.1	790,354,78,40	84.1	1461.8	39.4815628	73.5919724	5101.6
269	132.2	132.2	132.2	1606,912,54,162	168.0	1461.0	39.4815620	73.5919731	5101.7
270	136.2	136.2	139.2	592,898,98,80	123.5	1459.2	39.4815624	73.5919734	5101.6
271	59.1	59.1	59.1	1168,302,50,94	103.8	1458.1	39.4815639	73.5919719	5101.6
272	139.2	137.2	139.2	208,120,134,124	179.7	1454.4	39.4815626	73.5919733	5101.7
273	8.0	8.0	9.0	182,226,70,144	156.6	1442.4	39.4815641	73.5919736	5101.7
274	148.2	148.2	148.2	128,286,94,62	109.1	1438.8	39.4815621	73.5919728	5101.7
275	158.2	156.2	187.3	724,828,34,88	90.9	1436.1	39.4815617	73.5919725	5101.7
276	82.1	82.1	82.1	0,596,94,70	114.4	1426.0	39.4815630	73.5919721	5101.6
277	194.3	194.3	194.3	1532,780,84,58	97.9	1422.2	39.4815622	73.5919728	5101.6
278	179.2	161.2	187.3	600,490,48,96	104.6	1419.5	39.4815616	73.5919730	5101.7
279	92.1	91.1	93.1	262,212,132,150	194.3	1417.3	39.4815628	73.5919726	5101.6
280	160.2	159.2	187.3	1500,720,88,116	141.6	1416.8	39.4815614	73.5919727	5101.7
281	12.0	0.0	23.0	932,530,52,146	149.3	1407.9	39.4815637	73.5919738	5101.6
282	85.1	83.1	85.1	1230,770,106,64	120.1	1404.5	39.4815631	73.5919723	5101.6
283	111.1	109.1	116.2	348,160,108,80	130.2	1401.5	39.4815626	73.5919732	5101.6
284	82.1	82.1	82.1	1318,1018,110,62	122.6	1397.2	39.4815630	73.5919721	5101.6
285	152.2	152.2	157.2	804,558,78,48	87.7	1394.8	39.4815621	73.5919727	5101.7
286	125.2	122.2	129.2	1562,804,126,152	191.8	1384.0	39.4815617	73.5919727	5101.7
287	149.2	149.2	149.2	1184,142,78,58	94.4	1383.0	39.4815622	73.5919728	5101.7
288	149.2	149.2	149.2	1808,720,64,60	77.1	1376.7	39.4815622	73.5919728	5101.7
289	149.2	149.2	149.2	1422,484,78,54	89.9	1373.6	39.4815622	73.5919728	5101.7
290	62.1	62.1	62.1	978,946,100,98	127.3	1370.0	39.4815638	73.5919721	5101.6
291	9.0	8.0	9.0	200,152,58,86	99.8	1367.8	39.4815641	73.5919736	5101.7
292	124.2	123.2	132.2	964,624,82,132	152.5	1364.3	39.4815618	73.5919726	5101.7
293	154.2	153.2	156.2	372,248,62,82	100.0	1362.9	39.4815622	73.5919727	5101.7
294	62.1	62.1	62.1	1212,1016,38,64	70.7	1356.7	39.4815638	73.5919721	5101.6
295	76.1	76.1	76.1	1606,438,152,78	167.2	1350.4	39.4815628	73.5919724	5101.6
296	164.2	162.2	168.2	1230,634,48,138	141.8	1348.5	39.4815606	73.5919732	5101.7
297	24.0	24.0	24.0	780,76,60,94	106.3	1338.4	39.4815643	73.5919724	5101.6
298	123.2	119.2	124.2	1294,696,32,78	79.1	1337.4	39.4815618	73.5919726	5101.6
299	82.1	82.1	82.1	1522,560,126,66	139.5	1331.6	39.4815630	73.5919721	5101.6
300	108.1	108.1	117.2	946,926,88,62	103.2	1330.7	39.4815626	73.5919734	5101.6
301	131.2	131.2	131.2	584,0,62,120	131.2	1323.7	39.4815619	73.5919731	5101.7
302	125.2	124.2	131.2	1608,724,72,126	142.4	1323.2	39.4815617	73.5919727	5101.7
303	152.2	150.2	153.2	1834,698,86,110	135.8	1307.7	39.4815621	73.5919727	5101.7
304	182.2	180.2	182.2	1218,628,50,138	141.7	1297.6	39.4815614	73.5919729	5101.6
305	133.2	133.2	133.2	988,842,66,50	78.8	1294.9	39.4815622	73.5919732	5101.6
306	134.2	133.2	134.2	1672,624,86,56	99.8	1288.6	39.4815623	73.5919733	5101.6
307	146.2	146.2	147.2	1710,558,88,62	102.4	1285.3	39.4815619	73.5919731	5101.7
308	123.2	123.2	125.2	502,338,42,96	101.4	1283.0	39.4815618	73.5919726	5101.6
309	2.0	0.0	6.0	1692,622,100,78	122.3	1280.3	39.4815637	73.5919734	5101.6
310	192.3	159.2	194.3	1114,232,96,56	107.4	1278.5	39.4815619	73.5919726	5101.6
311	38.1	38.1	38.1	282,0,62,144	149.0	1275.2	39.4815639	73.5919728	5101.6
312	12.0	10.0	24.0	938,656,54,122	128.4	1265.1	39.4815637	73.5919738	5101.6
313	134.2	133.2	134.2	912,40,70,50	79.1	1264.6	39.4815623	73.5919733	5101.6
314	85.1	84.1	85.1	1200,316,104,44	108.1	1260.2	39.4815631	73.5919723	5101.6
315	85.1	83.1	85.1	1252,148,94,60	107.0	1244.8	39.4815631	73.5919723	5101.6
316	76.1	76.1	76.1	816,190,72,40	79.6	1235.7	39.4815628	73.5919724	5101.6
317	101.1	101.1	101.1	470,76,86,106	129.9	1229.2	39.4815618	73.5919725	5101.6
318	0.0	0.0	6.0	818,1016,52,64	78.3	1227.7	39.4815638	73.5919732	5101.6
319	38.1	38.1	38.1	698,306,56,104	110.2	1223.3	39.4815639	73.5919728	5101.6
320	130.2	130.2	134.2	1130,904,28,68	70.1	1219.1	39.4815619	73.5919731	5101.7
321	160.2	155.2	187.3	1194,562,62,86	99.9	1215.9	39.4815614	73.5919727	5101.7
322	147.2	147.2	147.2	1736,450,132,118	170.1	1211.8	39.4815621	73.5919730	5101.7
323	196.3	196.3	196.3	362,224,74,84	103.8	1209.2	39.4815623	73.5919731	5101.6
324	97.1	97.1	100.1	1218,284,94,86	124.5	1201.6	39.4815623	73.5919727	5101.6
325	83.1	83.1	84.1	1426,984,112,50	117.0	1200.5	39.4815631	73.5919720	5101.6
326	111.1	108.1	118.2	666,350,76,68	98.9	1195.4	39.4815626	73.5919732	5101.6
327	154.2	153.2	154.2	578,32,76,102	122.8	1193.2	39.4815622	73.5919727	5101.7
328	117.2	111.1	117.2	1656,1000,100,80	125.1	1190.8	39.4815620	73.5919725	5101.7
329	117.2	114.2	121.2	1806,514,114,90	142.4	1172.8	39.4815620	73.5919725	5101.7
330	118.2	118.2	118.2	1622,466,78,60	88.7	1169.7	39.4815618	73.5919722	5101.7
331	171.2	161.2	187.3	284,236,58,80	93.0	1169.0	39.4815610	73.5919721	5101.6
332	85.1	84.1	85.1	530,592,80,46	85.9	1166.3	39.4815631	73.5919723	5101.6
333	61.1	61.1	61.1	1782,796,94,116	146.4	1163.9	39.4815639	73.5919722	5101.6
334	160.2	160.2	160.2	1660,598,80,130	149.9	1163.6	39.4815614	73.5919727	5101.7
335	160.2	160.2	160.2	1850,916,52,54	71.8	1159.4	39.4815614	73.5919727	5101.7
336	0.0	0.0	1.0	1744,940,88,112	138.3	1152.0	39.4815638	73.5919732	5101.6
337	108.1	108.1	109.1	1080,238,62,44	72.1	1146.8	39.4815626	73.5919734	5101.6
338	7.0	7.0	9.0	1470,794,102,118	148.6	1141.7	39.4815640	73.5919735	5101.6
339	109.1	109.1	120.2	14,290,72,48	83.7	1140.3	39.4815625	73.5919732	5101.7
340	122.2	122.2	129.2	1144,300,86,78	111.7	1139.1	39.4815618	73.5919725	5101.6
341	150.2	150.2	152.2	1238,216,66,50	78.8	1138.2	39.4815622	73.5919728	5101.7
342	149.2	149.2	149.2	1812,798,100,84	120.9	1127.5	39.4815622	73.5919728	5101.7
343	6.0	6.0	6.0	1744,940,88,114	138.2	1126.7	39.4815640	73.5919737	5101.6
344	124.2	120.2	124.2	724,904,50,76	87.0	1119.3	39.4815618	73.5919726	5101.7
345	167.2	164.2	187.3	448,0,44,114	116.7	1104.2	39.4815602	73.5919726	5101.7
346	132.2	132.2	134.2	1480,500,58,68	80.7	1100.7	39.4815620	73.5919731	5101.7
347	63.1	63.1	63.1	1350,864,102,66	113.6	1099.5	39.4815638	73.5919723	5101.6
348	122.2	121.2	122.2	1146,748,64,48	75.5	1098.2	39.4815618	73.5919725	5101.6
349	10.0	10.0	23.0	122,0,46,64	75.7	1095.9	39.4815640	73.5919737	5101.6
350	71.1	71.1	71.1	192,370,70,82	105.0	1095.1	39.4815629	73.5919724	5101.6
351	150.2	150.2	150.2	1002,988,62,54	77.7	1090.6	39.4815622	73.5919728	5101.7
352	67.1	65.1	69.1	390,0,82,74	104.7	1088.8	39.4815635	73.5919723	5101.6
353	108.1	108.1	108.1	1440,284,102,112	138.0	1083.4	39.4815626	73.5919734	5101.6
354	153.2	150.2	153.2	582,42,76,72	99.0	1082.5	39.4815622	73.5919727	5101.7
355	153.2	153.2	153.2	832,106,82,88	116.1	1079.4	39.4815622	73.5919727	5101.7
356	196.3	195.3	197.3	1832,746,76,94	118.0	1077.4	39.4815623	73.5919731	5101.6
357	1.0	1.0	1.0	1520,812,122,82	144.1	1077.3	39.4815638	73.5919733	5101.6
358	160.2	160.2	160.2	1796,776,74,106	126.4	1070.0	39.4815614	73.5919727	5101.7
359	150.2	150.2	151.2	1740,490,100,54	108.2	1068.9	39.4815622	73.5919728	5101.7
360	160.2	160.2	160.2	1128,476,64,70	92.0	1060.6	39.4815614	73.5919727	5101.7
361	151.2	150.2	154.2	1254,478,76,70	94.7	1057.7	39.4815621	73.5919727	5101.7
362	13.0	8.0	14.0	302,348,44,100	106.6	1050.3	39.4815637	73.5919737	5101.6
363	8.0	7.0	9.0	1242,752,42,88	94.8	1047.0	39.4815641	73.5919736	5101.7
364	123.2	119.2	130.2	798,530,42,88	93.2	1045.4	39.4815618	73.5919726	5101.6
365	153.2	152.2	153.2	1290,234,56,62	80.6	1034.7	39.4815622	73.5919727	5101.7
366	63.1	63.1	63.1	564,534,70,60	89.3	1031.8	39.4815638	73.5919723	5101.6
367	5.0	2.0	6.0	1674,804,74,80	106.0	1023.8	39.4815641	73.5919736	5101.6
368	150.2	150.2	151.2	1434,494,62,44	71.0	1021.8	39.4815622	73.5919728	5101.7
369	159.2	159.2	159.2	296,40,76,56	87.1	1016.9	39.4815615	73.5919725	5101.7
370	0.0	0.0	5.0	450,608,62,66	87.7	1016.8	39.4815638	73.5919732	5101.6
371	161.2	161.2	171.2	1130,1006,52,74	86.5	1015.4	39.4815612	73.5919727	5101.7
372	132.2	132.2	132.2	1076,486,38,70	76.0	1010.2	39.4815620	73.5919731	5101.7
373	178.2	162.2	185.2	1238,572,58,70	87.4	1004.7	39.4815611	73.5919725	5101.6
374	97.1	97.1	100.1	1146,24,64,50	78.3	1002.4	39.4815623	73.5919727	5101.6
375	99.1	99.1	99.1	750,26,50,54	70.6	1002.1	39.4815620	73.5919726	5101.6
376	146.2	146.2	146.2	274,432,80,48	79.3	998.5	39.4815619	73.5919731	5101.7
377	157.2	157.2	158.2	478,528,28,88	89.3	992.2	39.4815619	73.5919727	5101.7
378	130.2	125.2	130.2	1126,30,38,76	78.5	985.0	39.4815619	73.5919731	5101.7
379	162.2	162.2	162.2	1390,960,66,92	110.4	983.8	39.4815612	73.5919724	5101.7
380	122.2	122.2	122.2	1064,30,66,54	79.8	980.7	39.4815618	73.5919725	5101.6
381	70.1	68.1	70.1	474,22,56,70	86.8	973.3	39.4815630	73.5919724	5101.6
382	154.2	154.2	154.2	1418,336,52,98	105.1	970.3	39.4815622	73.5919727	5101.7
383	99.1	97.1	100.1	1706,520,56,62	80.7	968.8	39.4815620	73.5919726	5101.6
384	100.1	99.1	100.1	68,156,60,54	75.3	961.9	39.4815619	73.5919725	5101.6
385	183.2	167.2	186.2	1358,332,36,86	89.7	960.3	39.4815615	73.5919733	5101.6
386	194.3	194.3	194.3	538,606,66,46	77.7	956.2	39.4815622	73.5919728	5101.6
387	132.2	121.2	134.2	950,418,46,70	76.0	952.5	39.4815620	73.5919731	5101.7
388	182.2	182.2	182.2	1110,842,66,88	103.8	945.7	39.4815614	73.5919729	5101.6
389	153.2	153.2	153.2	808,10,86,76	111.7	942.3	39.4815622	73.5919727	5101.7
390	155.2	155.2	155.2	1164,1012,32,68	72.5	936.7	39.4815621	73.5919728	5101.7
391	3.0	3.0	3.0	234,318,70,72	90.5	932.9	39.4815638	73.5919737	5101.6
392	122.2	122.2	122.2	1604,630,70,56	86.5	929.9	39.4815618	73.5919725	5101.6
393	133.2	133.2	134.2	1854,830,66,58	83.7	925.0	39.4815622	73.5919732	5101.6
394	6.0	6.0	6.0	1278,954,90,94	127.2	922.0	39.4815640	73.5919737	5101.6
395	197.3	197.3	197.3	1252,976,80,98	123.2	921.8	39.4815623	73.5919733	5101.6
396	124.2	124.2	124.2	1772,986,46,94	101.7	918.8	39.4815618	73.5919726	5101.7
397	158.2	158.2	158.2	770,982,20,98	96.9	914.1	39.4815617	73.5919725	5101.7
398	151.2	150.2	154.2	418,200,80,56	91.5	913.3	39.4815621	73.5919727	5101.7
399	92.1	92.1	93.1	176,218,74,80	104.7	905.7	39.4815628	73.5919726	5101.6
400	152.2	151.2	152.2	1668,550,82,62	97.2	903.1	39.4815621	73.5919727	5101.7
401	175.2	175.2	175.2	1416,808,50,96	102.6	897.8	39.4815618	73.5919730	5101.6
402	12.0	11.0	17.0	1140,238,42,116	117.8	893.4	39.4815637	73.5919738	5101.6
403	159.2	159.2	159.2	1466,730,90,70	111.1	884.5	39.4815615	73.5919725	5101.7
404	97.1	97.1	100.1	1408,922,74,62	92.4	883.7	39.4815623	73.5919727	5101.6
405	12.0	12.0	12.0	1660,726,48,86	95.7	874.3	39.4815637	73.5919738	5101.6
406	125.2	125.2	129.2	622,200,80,92	119.0	871.5	39.4815617	73.5919727	5101.7
407	195.3	195.3	195.3	976,970,60,66	83.7	870.3	39.4815622	73.5919730	5101.6
408	11.0	11.0	11.0	962,944,38,92	96.8	865.9	39.4815637	73.5919740	5101.6
409	97.1	97.1	100.1	796,632,60,74	92.4	860.5	39.4815623	73.5919727	5101.6
410	13.0	13.0	13.0	1616,866,72,106	125.4	859.7	39.4815637	73.5919737	5101.6
411	86.1	86.1	86.1	1312,226,108,52	116.4	858.5	39.4815630	73.5919723	5101.6
412	93.1	93.1	94.1	230,340,78,62	96.8	858.4	39.4815629	73.5919727	5101.6
413	151.2	151.2	151.2	984,128,64,42	70.7	839.0	39.4815621	73.5919727	5101.7
414	98.1	97.1	100.1	1284,574,66,58	85.0	837.7	39.4815620	73.5919726	5101.6
415	9.0	9.0	9.0	1770,774,72,100	117.4	828.8	39.4815641	73.5919736	5101.7
416	171.2	171.2	171.2	748,872,42,82	88.5	822.9	39.4815610	73.5919721	5101.6
417	120.2	119.2	120.2	1608,654,76,74	103.1	801.4	39.4815618	73.5919722	5101.6
418	164.2	164.2	164.2	758,878,44,82	87.7	797.3	39.4815606	73.5919732	5101.7
419	14.0	14.0	14.0	670,736,38,74	79.6	793.7	39.4815635	73.5919735	5101.6
420	16.0	16.0	23.0	1098,716,58,70	88.0	776.9	39.4815637	73.5919730	5101.6
421	195.3	195.3	195.3	1358,214,64,74	91.0	773.5	39.4815622	73.5919730	5101.6
422	134.2	134.2	134.2	1166,274,64,42	71.8	757.8	39.4815623	73.5919733	5101.6
423	64.1	64.1	64.1	1000,746,66,62	86.3	756.3	39.4815638	73.5919725	5101.6
424	133.2	133.2	133.2	598,40,60,42	70.4	755.5	39.4815622	73.5919732	5101.6
425	70.1	70.1	70.1	1850,876,64,78	98.1	749.3	39.4815630	73.5919724	5101.6
426	64.1	64.1	64.1	1676,828,96,90	128.7	743.6	39.4815638	73.5919725	5101.6
427	93.1	93.1	94.1	124,406,68,54	84.0	734.1	39.4815629	73.5919727	5101.6
428	87.1	87.1	91.1	1616,892,82,44	90.3	732.2	39.4815630	73.5919724	5101.6
429	121.2	119.2	121.2	230,126,76,56	91.5	728.3	39.4815619	73.5919723	5101.6
430	92.1	92.1	92.1	1802,776,74,110	129.8	723.2	39.4815628	73.5919726	5101.6
431	127.2	127.2	127.2	1682,694,48,78	88.6	720.6	39.4815617	73.5919731	5101.6
432	86.1	86.1	86.1	916,552,72,38	78.7	711.0	39.4815630	73.5919723	5101.6
433	98.1	97.1	98.1	1004,340,72,66	92.2	707.4	39.4815620	73.5919726	5101.6
434	133.2	133.2	133.2	414,10,66,58	85.0	700.2	39.4815622	73.5919732	5101.6
435	134.2	134.2	134.2	1474,534,56,62	80.4	691.6	39.4815623	73.5919733	5101.6
436	92.1	91.1	92.1	58,276,76,84	110.5	687.1	39.4815628	73.5919726	5101.6
437	121.2	121.2	121.2	198,316,78,52	90.7	684.3	39.4815619	73.5919723	5101.6
438	93.1	92.1	95.1	68,124,100,74	119.9	671.2	39.4815629	73.5919727	5101.6
439	86.1	86.1	86.1	214,594,88,38	93.0	667.3	39.4815630	73.5919723	5101.6
440	118.2	118.2	118.2	896,654,66,54	80.9	664.8	39.4815618	73.5919722	5101.7
441	19.0	19.0	19.0	1604,594,42,92	97.7	663.4	39.4815635	73.5919729	5101.6
442	86.1	86.1	86.1	438,238,102,62	116.6	660.6	39.4815630	73.5919723	5101.6
443	86.1	86.1	86.1	1298,1042,108,38	111.9	647.9	39.4815630	73.5919723	5101.6
444	87.1	87.1	90.1	420,222,68,36	72.5	618.7	39.4815630	73.5919724	5101.6
445	118.2	118.2	118.2	1112,536,72,50	84.9	617.1	39.4815618	73.5919722	5101.7
446	97.1	97.1	99.1	1848,718,52,80	84.9	615.0	39.4815623	73.5919727	5101.6
447	120.2	119.2	120.2	1340,1018,62,54	79.4	610.3	39.4815618	73.5919722	5101.6
448	70.1	70.1	70.1	588,36,34,84	87.1	605.4	39.4815630	73.5919724	5101.6
449	99.1	99.1	99.1	870,852,66,64	89.1	602.8	39.4815620	73.5919726	5101.6
450	68.1	68.1	68.1	136,0,68,86	95.6	596.8	39.4815630	73.5919723	5101.6
451	120.2	119.2	120.2	262,526,48,58	72.5	596.4	39.4815618	73.5919722	5101.6
452	68.1	68.1	68.1	1618,738,70,74	99.0	596.1	39.4815630	73.5919723	5101.6
453	64.1	64.1	64.1	450,248,80,56	94.8	589.9	39.4815638	73.5919725	5101.6
454	97.1	97.1	97.1	1160,182,56,54	70.5	580.3	39.4815623	73.5919727	5101.6
455	121.2	121.2	121.2	1806,784,60,50	75.1	574.4	39.4815619	73.5919723	5101.6
456	65.1	65.1	67.1	182,128,70,58	87.9	574.3	39.4815637	73.5919725	5101.6
457	92.1	92.1	92.1	1580,836,58,78	91.8	574.0	39.4815628	73.5919726	5101.6
458	87.1	87.1	88.1	1704,488,68,32	72.5	567.4	39.4815630	73.5919724	5101.6
459	95.1	93.1	95.1	1744,814,88,74	110.9	558.0	39.4815627	73.5919728	5101.6
460	90.1	89.1	90.1	1854,716,66,38	71.5	549.1	39.4815631	73.5919726	5101.6
461	71.1	71.1	71.1	1496,954,50,56	72.2	535.6	39.4815629	73.5919724	5101.6
462	87.1	87.1	87.1	1538,630,72,38	78.7	515.7	39.4815630	73.5919724	5101.6
463	66.1	65.1	67.1	0,192,70,38	75.7	489.0	39.4815635	73.5919723	5101.6
464	93.1	93.1	93.1	1264,1040,64,40	72.7	487.5	39.4815629	73.5919727	5101.6
465	89.1	87.1	89.1	1158,828,72,32	76.1	477.8	39.4815630	73.5919725	5101.6
466	95.1	95.1	95.1	1442,524,56,64	79.5	471.1	39.4815627	73.5919728	5101.6
467	71.1	71.1	71.1	1150,438,52,66	80.0	413.1	39.4815629	73.5919724	5101.6
468	69.1	69.1	69.1	738,190,38,64	71.7	398.0	39.4815630	73.5919725	5101.6
469	91.1	91.1	91.1	332,60,44,58	70.0	379.6	39.4815629	73.5919725	5101.6
470	96.1	96.1	96.1	214,172,30,72	70.0	349.7	39.4815625	73.5919727	5101.6
471	118.2	118.2	118.2	1376,1040,66,40	74.3	340.3	39.4815618	73.5919722	5101.7
